timestamp,outdoor_temperature_c,solar_irradiance_w_m2,internal_gains_kw,occupancy,comfort_min_c,comfort_max_c,base_load_kw,pv_available_kw,import_price_gbp_per_kwh,export_price_gbp_per_kwh
2025-02-03 00:00:00,6.53872,0.00000,1.00000,1,20.00000,23.00000,0.60000,0.00000,0.18000,0.08000
2025-02-03 00:30:00,5.90019,0.00000,1.00000,1,20.00000,23.00000,0.60136,0.00000,0.18000,0.08000
2025-02-03 01:00:00,5.97319,0.00000,1.00000,1,20.00000,23.00000,0.60536,0.00000,0.18000,0.08000
2025-02-03 01:30:00,5.81084,0.00000,1.00000,1,20.00000,23.00000,0.61172,0.00000,0.18000,0.08000
2025-02-03 02:00:00,5.28183,0.00000,1.00000,1,20.00000,23.00000,0.62000,0.00000,0.18000,0.08000
2025-02-03 02:30:00,4.84680,0.00000,1.00000,1,20.00000,23.00000,0.62965,0.00000,0.18000,0.08000
2025-02-03 03:00:00,4.64441,0.00000,1.00000,1,20.00000,23.00000,0.64000,0.00000,0.18000,0.08000
2025-02-03 03:30:00,4.71516,0.00000,1.00000,1,20.00000,23.00000,0.65035,0.00000,0.18000,0.08000
2025-02-03 04:00:00,3.44168,0.00000,1.00000,1,20.00000,23.00000,0.66000,0.00000,0.18000,0.08000
2025-02-03 04:30:00,4.27040,0.00000,1.00000,1,20.00000,23.00000,0.66828,0.00000,0.18000,0.08000
2025-02-03 05:00:00,3.28440,0.00000,1.00000,1,20.00000,23.00000,0.67464,0.00000,0.18000,0.08000
2025-02-03 05:30:00,3.16837,0.00000,1.00000,1,20.00000,23.00000,0.67864,0.00000,0.18000,0.08000
2025-02-03 06:00:00,2.92697,0.00000,1.00000,1,20.00000,23.00000,0.68000,0.00000,0.18000,0.08000
2025-02-03 06:30:00,2.73048,0.00000,1.00000,1,20.00000,23.00000,0.67864,0.00000,0.18000,0.08000
2025-02-03 07:00:00,2.82407,0.00000,0.25000,0,17.00000,25.00000,0.42464,0.00000,0.29000,0.08000
2025-02-03 07:30:00,3.03516,0.00000,0.25000,0,17.00000,25.00000,0.41828,0.00000,0.29000,0.08000
2025-02-03 08:00:00,3.03111,0.00000,0.25000,0,17.00000,25.00000,0.41000,0.00000,0.29000,0.08000
2025-02-03 08:30:00,3.09284,53.08988,0.25000,0,17.00000,25.00000,0.40035,0.32671,0.29000,0.08000
2025-02-03 09:00:00,3.01692,83.19688,0.25000,0,17.00000,25.00000,0.39000,0.51198,0.29000,0.08000
2025-02-03 09:30:00,3.52489,104.01733,0.25000,0,17.00000,25.00000,0.37965,0.64011,0.29000,0.08000
2025-02-03 10:00:00,3.06552,162.02696,0.25000,0,17.00000,25.00000,0.37000,0.99709,0.29000,0.08000
2025-02-03 10:30:00,3.83053,239.41195,0.25000,0,17.00000,25.00000,0.36172,1.47330,0.29000,0.08000
2025-02-03 11:00:00,4.05414,263.96366,0.25000,0,17.00000,25.00000,0.35536,1.62439,0.29000,0.08000
2025-02-03 11:30:00,4.54383,228.28374,0.25000,0,17.00000,25.00000,0.35136,1.40482,0.29000,0.08000
2025-02-03 12:00:00,5.02242,280.41298,0.25000,0,17.00000,25.00000,0.35000,1.72562,0.29000,0.08000
2025-02-03 12:30:00,4.21574,279.48066,0.25000,0,17.00000,25.00000,0.35136,1.71988,0.29000,0.08000
2025-02-03 13:00:00,5.32771,261.56935,0.25000,0,17.00000,25.00000,0.35536,1.60966,0.29000,0.08000
2025-02-03 13:30:00,5.68884,193.82391,0.25000,0,17.00000,25.00000,0.36172,1.19276,0.29000,0.08000
2025-02-03 14:00:00,5.86825,201.19889,0.25000,0,17.00000,25.00000,0.37000,1.23815,0.29000,0.08000
2025-02-03 14:30:00,5.89690,145.25688,0.25000,0,17.00000,25.00000,0.37965,0.89389,0.29000,0.08000
2025-02-03 15:00:00,7.29165,100.25447,0.25000,0,17.00000,25.00000,0.39000,0.61695,0.29000,0.08000
2025-02-03 15:30:00,7.72588,56.77821,0.25000,0,17.00000,25.00000,0.40035,0.34940,0.29000,0.08000
2025-02-03 16:00:00,7.92972,0.00000,0.25000,0,17.00000,25.00000,0.41000,0.00000,0.42000,0.08000
2025-02-03 16:30:00,8.11475,0.00000,0.25000,0,17.00000,25.00000,0.41828,0.00000,0.42000,0.08000
2025-02-03 17:00:00,8.22662,0.00000,0.25000,0,17.00000,25.00000,0.42464,0.00000,0.42000,0.08000
2025-02-03 17:30:00,8.68273,0.00000,0.25000,0,17.00000,25.00000,0.42864,0.00000,0.42000,0.08000
2025-02-03 18:00:00,8.89411,0.00000,0.25000,0,17.00000,25.00000,0.43000,0.00000,0.42000,0.08000
2025-02-03 18:30:00,7.99019,0.00000,0.25000,0,17.00000,25.00000,0.42864,0.00000,0.42000,0.08000
2025-02-03 19:00:00,9.49779,0.00000,0.25000,0,17.00000,25.00000,0.42464,0.00000,0.29000,0.08000
2025-02-03 19:30:00,9.72245,0.00000,0.25000,0,17.00000,25.00000,0.41828,0.00000,0.29000,0.08000
2025-02-03 20:00:00,9.29577,0.00000,1.00000,1,20.00000,23.00000,0.66000,0.00000,0.29000,0.08000
2025-02-03 20:30:00,9.37946,0.00000,1.00000,1,20.00000,23.00000,0.65035,0.00000,0.29000,0.08000
2025-02-03 21:00:00,10.20486,0.00000,1.00000,1,20.00000,23.00000,0.64000,0.00000,0.29000,0.08000
2025-02-03 21:30:00,8.89938,0.00000,1.00000,1,20.00000,23.00000,0.62965,0.00000,0.29000,0.08000
2025-02-03 22:00:00,8.85252,0.00000,1.00000,1,20.00000,23.00000,0.62000,0.00000,0.29000,0.08000
2025-02-03 22:30:00,8.93052,0.00000,1.00000,1,20.00000,23.00000,0.61172,0.00000,0.29000,0.08000
2025-02-03 23:00:00,8.73981,0.00000,1.00000,1,20.00000,23.00000,0.60536,0.00000,0.29000,0.08000
2025-02-03 23:30:00,8.62512,0.00000,1.00000,1,20.00000,23.00000,0.60136,0.00000,0.29000,0.08000
2025-02-04 00:00:00,8.28471,0.00000,1.00000,1,20.00000,23.00000,0.60000,0.00000,0.18000,0.08000
2025-02-04 00:30:00,8.30168,0.00000,1.00000,1,20.00000,23.00000,0.60136,0.00000,0.18000,0.08000
2025-02-04 01:00:00,7.53811,0.00000,1.00000,1,20.00000,23.00000,0.60536,0.00000,0.18000,0.08000
2025-02-04 01:30:00,7.02851,0.00000,1.00000,1,20.00000,23.00000,0.61172,0.00000,0.18000,0.08000
2025-02-04 02:00:00,7.36948,0.00000,1.00000,1,20.00000,23.00000,0.62000,0.00000,0.18000,0.08000
2025-02-04 02:30:00,6.72009,0.00000,1.00000,1,20.00000,23.00000,0.62965,0.00000,0.18000,0.08000
2025-02-04 03:00:00,5.95391,0.00000,1.00000,1,20.00000,23.00000,0.64000,0.00000,0.18000,0.08000
2025-02-04 03:30:00,6.19514,0.00000,1.00000,1,20.00000,23.00000,0.65035,0.00000,0.18000,0.08000
2025-02-04 04:00:00,5.77519,0.00000,1.00000,1,20.00000,23.00000,0.66000,0.00000,0.18000,0.08000
2025-02-04 04:30:00,5.44042,0.00000,1.00000,1,20.00000,23.00000,0.66828,0.00000,0.18000,0.08000
2025-02-04 05:00:00,4.74406,0.00000,1.00000,1,20.00000,23.00000,0.67464,0.00000,0.18000,0.08000
2025-02-04 05:30:00,4.60973,0.00000,1.00000,1,20.00000,23.00000,0.67864,0.00000,0.18000,0.08000
2025-02-04 06:00:00,4.53278,0.00000,1.00000,1,20.00000,23.00000,0.68000,0.00000,0.18000,0.08000
2025-02-04 06:30:00,4.95711,0.00000,1.00000,1,20.00000,23.00000,0.67864,0.00000,0.18000,0.08000
2025-02-04 07:00:00,3.62341,0.00000,0.25000,0,17.00000,25.00000,0.42464,0.00000,0.29000,0.08000
2025-02-04 07:30:00,4.58895,0.00000,0.25000,0,17.00000,25.00000,0.41828,0.00000,0.29000,0.08000
2025-02-04 08:00:00,4.57071,0.00000,0.25000,0,17.00000,25.00000,0.41000,0.00000,0.29000,0.08000
2025-02-04 08:30:00,4.95692,48.07851,0.25000,0,17.00000,25.00000,0.40035,0.29587,0.29000,0.08000
2025-02-04 09:00:00,4.33434,116.39119,0.25000,0,17.00000,25.00000,0.39000,0.71625,0.29000,0.08000
2025-02-04 09:30:00,4.28741,157.89858,0.25000,0,17.00000,25.00000,0.37965,0.97168,0.29000,0.08000
2025-02-04 10:00:00,4.32315,168.36631,0.25000,0,17.00000,25.00000,0.37000,1.03610,0.29000,0.08000
2025-02-04 10:30:00,4.82367,204.70741,0.25000,0,17.00000,25.00000,0.36172,1.25974,0.29000,0.08000
2025-02-04 11:00:00,5.50015,267.26532,0.25000,0,17.00000,25.00000,0.35536,1.64471,0.29000,0.08000
2025-02-04 11:30:00,5.03055,297.81982,0.25000,0,17.00000,25.00000,0.35136,1.83274,0.29000,0.08000
2025-02-04 12:00:00,6.03260,222.24229,0.25000,0,17.00000,25.00000,0.35000,1.36764,0.29000,0.08000
2025-02-04 12:30:00,6.16964,285.41829,0.25000,0,17.00000,25.00000,0.35136,1.75642,0.29000,0.08000
2025-02-04 13:00:00,6.87592,264.25678,0.25000,0,17.00000,25.00000,0.35536,1.62620,0.29000,0.08000
2025-02-04 13:30:00,6.93537,224.18549,0.25000,0,17.00000,25.00000,0.36172,1.37960,0.29000,0.08000
2025-02-04 14:00:00,7.29291,141.51209,0.25000,0,17.00000,25.00000,0.37000,0.87084,0.29000,0.08000
2025-02-04 14:30:00,7.38253,111.50305,0.25000,0,17.00000,25.00000,0.37965,0.68617,0.29000,0.08000
2025-02-04 15:00:00,7.72801,97.13611,0.25000,0,17.00000,25.00000,0.39000,0.59776,0.29000,0.08000
2025-02-04 15:30:00,8.26266,53.89579,0.25000,0,17.00000,25.00000,0.40035,0.33167,0.29000,0.08000
2025-02-04 16:00:00,8.30809,0.00000,0.25000,0,17.00000,25.00000,0.41000,0.00000,0.42000,0.08000
2025-02-04 16:30:00,9.29906,0.00000,0.25000,0,17.00000,25.00000,0.41828,0.00000,0.42000,0.08000
2025-02-04 17:00:00,9.05464,0.00000,0.25000,0,17.00000,25.00000,0.42464,0.00000,0.42000,0.08000
2025-02-04 17:30:00,9.34542,0.00000,0.25000,0,17.00000,25.00000,0.42864,0.00000,0.42000,0.08000
2025-02-04 18:00:00,9.58314,0.00000,0.25000,0,17.00000,25.00000,0.43000,0.00000,0.42000,0.08000
2025-02-04 18:30:00,10.36296,0.00000,0.25000,0,17.00000,25.00000,0.42864,0.00000,0.42000,0.08000
2025-02-04 19:00:00,10.26510,0.00000,0.25000,0,17.00000,25.00000,0.42464,0.00000,0.29000,0.08000
2025-02-04 19:30:00,10.62133,0.00000,0.25000,0,17.00000,25.00000,0.41828,0.00000,0.29000,0.08000
2025-02-04 20:00:00,9.96587,0.00000,1.00000,1,20.00000,23.00000,0.66000,0.00000,0.29000,0.08000
2025-02-04 20:30:00,9.94182,0.00000,1.00000,1,20.00000,23.00000,0.65035,0.00000,0.29000,0.08000
2025-02-04 21:00:00,10.14934,0.00000,1.00000,1,20.00000,23.00000,0.64000,0.00000,0.29000,0.08000
2025-02-04 21:30:00,9.72407,0.00000,1.00000,1,20.00000,23.00000,0.62965,0.00000,0.29000,0.08000
2025-02-04 22:00:00,10.07625,0.00000,1.00000,1,20.00000,23.00000,0.62000,0.00000,0.29000,0.08000
2025-02-04 22:30:00,9.43662,0.00000,1.00000,1,20.00000,23.00000,0.61172,0.00000,0.29000,0.08000
2025-02-04 23:00:00,8.80154,0.00000,1.00000,1,20.00000,23.00000,0.60536,0.00000,0.29000,0.08000
2025-02-04 23:30:00,8.53269,0.00000,1.00000,1,20.00000,23.00000,0.60136,0.00000,0.29000,0.08000
2025-02-05 00:00:00,7.86141,0.00000,1.00000,1,20.00000,23.00000,0.60000,0.00000,0.18000,0.08000
2025-02-05 00:30:00,7.78343,0.00000,1.00000,1,20.00000,23.00000,0.60136,0.00000,0.18000,0.08000
2025-02-05 01:00:00,7.80897,0.00000,1.00000,1,20.00000,23.00000,0.60536,0.00000,0.18000,0.08000
2025-02-05 01:30:00,7.09446,0.00000,1.00000,1,20.00000,23.00000,0.61172,0.00000,0.18000,0.08000
2025-02-05 02:00:00,6.61966,0.00000,1.00000,1,20.00000,23.00000,0.62000,0.00000,0.18000,0.08000
2025-02-05 02:30:00,6.37898,0.00000,1.00000,1,20.00000,23.00000,0.62965,0.00000,0.18000,0.08000
2025-02-05 03:00:00,6.26876,0.00000,1.00000,1,20.00000,23.00000,0.64000,0.00000,0.18000,0.08000
2025-02-05 03:30:00,5.68813,0.00000,1.00000,1,20.00000,23.00000,0.65035,0.00000,0.18000,0.08000
2025-02-05 04:00:00,5.44640,0.00000,1.00000,1,20.00000,23.00000,0.66000,0.00000,0.18000,0.08000
2025-02-05 04:30:00,5.45965,0.00000,1.00000,1,20.00000,23.00000,0.66828,0.00000,0.18000,0.08000
2025-02-05 05:00:00,4.75707,0.00000,1.00000,1,20.00000,23.00000,0.67464,0.00000,0.18000,0.08000
2025-02-05 05:30:00,4.25543,0.00000,1.00000,1,20.00000,23.00000,0.67864,0.00000,0.18000,0.08000
2025-02-05 06:00:00,4.79625,0.00000,1.00000,1,20.00000,23.00000,0.68000,0.00000,0.18000,0.08000
2025-02-05 06:30:00,4.45825,0.00000,1.00000,1,20.00000,23.00000,0.67864,0.00000,0.18000,0.08000
2025-02-05 07:00:00,4.65100,0.00000,0.25000,0,17.00000,25.00000,0.42464,0.00000,0.29000,0.08000
2025-02-05 07:30:00,3.89034,0.00000,0.25000,0,17.00000,25.00000,0.41828,0.00000,0.29000,0.08000
2025-02-05 08:00:00,3.95335,0.00000,0.25000,0,17.00000,25.00000,0.41000,0.00000,0.29000,0.08000
2025-02-05 08:30:00,3.98774,35.22920,0.25000,0,17.00000,25.00000,0.40035,0.21680,0.29000,0.08000
2025-02-05 09:00:00,4.09760,62.47538,0.25000,0,17.00000,25.00000,0.39000,0.38446,0.29000,0.08000
2025-02-05 09:30:00,4.21418,92.93426,0.25000,0,17.00000,25.00000,0.37965,0.57190,0.29000,0.08000
2025-02-05 10:00:00,4.16422,103.03975,0.25000,0,17.00000,25.00000,0.37000,0.63409,0.29000,0.08000
2025-02-05 10:30:00,5.19074,86.55218,0.25000,0,17.00000,25.00000,0.36172,0.53263,0.29000,0.08000
2025-02-05 11:00:00,4.90203,189.83095,0.25000,0,17.00000,25.00000,0.35536,1.16819,0.29000,0.08000
2025-02-05 11:30:00,4.68433,173.57613,0.25000,0,17.00000,25.00000,0.35136,1.06816,0.29000,0.08000
2025-02-05 12:00:00,4.65323,51.56537,0.25000,0,17.00000,25.00000,0.35000,0.31733,0.29000,0.08000
2025-02-05 12:30:00,5.40478,152.71015,0.25000,0,17.00000,25.00000,0.35136,0.93975,0.29000,0.08000
2025-02-05 13:00:00,5.67133,115.38041,0.25000,0,17.00000,25.00000,0.35536,0.71003,0.29000,0.08000
2025-02-05 13:30:00,5.55868,121.90894,0.25000,0,17.00000,25.00000,0.36172,0.75021,0.29000,0.08000
2025-02-05 14:00:00,6.90739,103.74215,0.25000,0,17.00000,25.00000,0.37000,0.63841,0.29000,0.08000
2025-02-05 14:30:00,7.17172,70.72127,0.25000,0,17.00000,25.00000,0.37965,0.43521,0.29000,0.08000
2025-02-05 15:00:00,7.16041,55.68522,0.25000,0,17.00000,25.00000,0.39000,0.34268,0.29000,0.08000
2025-02-05 15:30:00,7.29867,26.71717,0.25000,0,17.00000,25.00000,0.40035,0.16441,0.29000,0.08000
2025-02-05 16:00:00,8.29052,0.00000,0.25000,0,17.00000,25.00000,0.41000,0.00000,0.42000,0.08000
2025-02-05 16:30:00,7.31132,0.00000,0.25000,0,17.00000,25.00000,0.41828,0.00000,0.42000,0.08000
2025-02-05 17:00:00,7.53961,0.00000,0.25000,0,17.00000,25.00000,0.42464,0.00000,0.42000,0.08000
2025-02-05 17:30:00,7.88094,0.00000,0.25000,0,17.00000,25.00000,0.42864,0.00000,0.42000,0.08000
2025-02-05 18:00:00,8.02254,0.00000,0.25000,0,17.00000,25.00000,0.43000,0.00000,0.42000,0.08000
2025-02-05 18:30:00,8.23319,0.00000,0.25000,0,17.00000,25.00000,0.42864,0.00000,0.42000,0.08000
2025-02-05 19:00:00,8.22951,0.00000,0.25000,0,17.00000,25.00000,0.42464,0.00000,0.29000,0.08000
2025-02-05 19:30:00,8.43144,0.00000,0.25000,0,17.00000,25.00000,0.41828,0.00000,0.29000,0.08000
2025-02-05 20:00:00,8.42102,0.00000,1.00000,1,20.00000,23.00000,0.66000,0.00000,0.29000,0.08000
2025-02-05 20:30:00,7.98810,0.00000,1.00000,1,20.00000,23.00000,0.65035,0.00000,0.29000,0.08000
2025-02-05 21:00:00,8.54912,0.00000,1.00000,1,20.00000,23.00000,0.64000,0.00000,0.29000,0.08000
2025-02-05 21:30:00,8.54058,0.00000,1.00000,1,20.00000,23.00000,0.62965,0.00000,0.29000,0.08000
2025-02-05 22:00:00,8.09516,0.00000,1.00000,1,20.00000,23.00000,0.62000,0.00000,0.29000,0.08000
2025-02-05 22:30:00,7.98529,0.00000,1.00000,1,20.00000,23.00000,0.61172,0.00000,0.29000,0.08000
2025-02-05 23:00:00,7.75982,0.00000,1.00000,1,20.00000,23.00000,0.60536,0.00000,0.29000,0.08000
2025-02-05 23:30:00,7.59684,0.00000,1.00000,1,20.00000,23.00000,0.60136,0.00000,0.29000,0.08000
2025-02-06 00:00:00,6.81267,0.00000,1.00000,1,20.00000,23.00000,0.60000,0.00000,0.18000,0.08000
2025-02-06 00:30:00,6.43607,0.00000,1.00000,1,20.00000,23.00000,0.60136,0.00000,0.18000,0.08000
2025-02-06 01:00:00,5.71580,0.00000,1.00000,1,20.00000,23.00000,0.60536,0.00000,0.18000,0.08000
2025-02-06 01:30:00,5.49155,0.00000,1.00000,1,20.00000,23.00000,0.61172,0.00000,0.18000,0.08000
2025-02-06 02:00:00,6.15887,0.00000,1.00000,1,20.00000,23.00000,0.62000,0.00000,0.18000,0.08000
2025-02-06 02:30:00,5.17009,0.00000,1.00000,1,20.00000,23.00000,0.62965,0.00000,0.18000,0.08000
2025-02-06 03:00:00,4.43663,0.00000,1.00000,1,20.00000,23.00000,0.64000,0.00000,0.18000,0.08000
2025-02-06 03:30:00,4.49736,0.00000,1.00000,1,20.00000,23.00000,0.65035,0.00000,0.18000,0.08000
2025-02-06 04:00:00,3.50264,0.00000,1.00000,1,20.00000,23.00000,0.66000,0.00000,0.18000,0.08000
2025-02-06 04:30:00,3.32915,0.00000,1.00000,1,20.00000,23.00000,0.66828,0.00000,0.18000,0.08000
2025-02-06 05:00:00,3.99754,0.00000,1.00000,1,20.00000,23.00000,0.67464,0.00000,0.18000,0.08000
2025-02-06 05:30:00,2.51176,0.00000,1.00000,1,20.00000,23.00000,0.67864,0.00000,0.18000,0.08000
2025-02-06 06:00:00,2.55287,0.00000,1.00000,1,20.00000,23.00000,0.68000,0.00000,0.18000,0.08000
2025-02-06 06:30:00,2.35244,0.00000,1.00000,1,20.00000,23.00000,0.67864,0.00000,0.18000,0.08000
2025-02-06 07:00:00,2.17201,0.00000,0.25000,0,17.00000,25.00000,0.42464,0.00000,0.29000,0.08000
2025-02-06 07:30:00,1.74612,0.00000,0.25000,0,17.00000,25.00000,0.41828,0.00000,0.29000,0.08000
2025-02-06 08:00:00,2.45392,0.00000,0.25000,0,17.00000,25.00000,0.41000,0.00000,0.29000,0.08000
2025-02-06 08:30:00,1.69182,30.27143,0.25000,0,17.00000,25.00000,0.40035,0.18629,0.29000,0.08000
2025-02-06 09:00:00,2.11360,78.62434,0.25000,0,17.00000,25.00000,0.39000,0.48384,0.29000,0.08000
2025-02-06 09:30:00,2.21499,94.82654,0.25000,0,17.00000,25.00000,0.37965,0.58355,0.29000,0.08000
2025-02-06 10:00:00,1.94984,138.46534,0.25000,0,17.00000,25.00000,0.37000,0.85209,0.29000,0.08000
2025-02-06 10:30:00,2.36828,136.48024,0.25000,0,17.00000,25.00000,0.36172,0.83988,0.29000,0.08000
2025-02-06 11:00:00,1.80389,118.16009,0.25000,0,17.00000,25.00000,0.35536,0.72714,0.29000,0.08000
2025-02-06 11:30:00,2.79093,215.48631,0.25000,0,17.00000,25.00000,0.35136,1.32607,0.29000,0.08000
2025-02-06 12:00:00,2.44236,181.00424,0.25000,0,17.00000,25.00000,0.35000,1.11387,0.29000,0.08000
2025-02-06 12:30:00,3.19367,164.83090,0.25000,0,17.00000,25.00000,0.35136,1.01434,0.29000,0.08000
2025-02-06 13:00:00,3.44747,198.47503,0.25000,0,17.00000,25.00000,0.35536,1.22138,0.29000,0.08000
2025-02-06 13:30:00,4.47051,202.87805,0.25000,0,17.00000,25.00000,0.36172,1.24848,0.29000,0.08000
2025-02-06 14:00:00,4.23657,140.74464,0.25000,0,17.00000,25.00000,0.37000,0.86612,0.29000,0.08000
2025-02-06 14:30:00,4.86737,95.87735,0.25000,0,17.00000,25.00000,0.37965,0.59001,0.29000,0.08000
2025-02-06 15:00:00,5.24331,102.42185,0.25000,0,17.00000,25.00000,0.39000,0.63029,0.29000,0.08000
2025-02-06 15:30:00,5.27027,41.69979,0.25000,0,17.00000,25.00000,0.40035,0.25661,0.29000,0.08000
2025-02-06 16:00:00,5.38751,0.00000,0.25000,0,17.00000,25.00000,0.41000,0.00000,0.42000,0.08000
2025-02-06 16:30:00,5.79247,0.00000,0.25000,0,17.00000,25.00000,0.41828,0.00000,0.42000,0.08000
2025-02-06 17:00:00,5.69200,0.00000,0.25000,0,17.00000,25.00000,0.42464,0.00000,0.42000,0.08000
2025-02-06 17:30:00,6.70697,0.00000,0.25000,0,17.00000,25.00000,0.42864,0.00000,0.42000,0.08000
2025-02-06 18:00:00,5.98924,0.00000,0.25000,0,17.00000,25.00000,0.43000,0.00000,0.42000,0.08000
2025-02-06 18:30:00,6.88094,0.00000,0.25000,0,17.00000,25.00000,0.42864,0.00000,0.42000,0.08000
2025-02-06 19:00:00,6.09106,0.00000,0.25000,0,17.00000,25.00000,0.42464,0.00000,0.29000,0.08000
2025-02-06 19:30:00,6.60039,0.00000,0.25000,0,17.00000,25.00000,0.41828,0.00000,0.29000,0.08000
2025-02-06 20:00:00,6.47055,0.00000,1.00000,1,20.00000,23.00000,0.66000,0.00000,0.29000,0.08000
2025-02-06 20:30:00,6.51696,0.00000,1.00000,1,20.00000,23.00000,0.65035,0.00000,0.29000,0.08000
2025-02-06 21:00:00,6.43484,0.00000,1.00000,1,20.00000,23.00000,0.64000,0.00000,0.29000,0.08000
2025-02-06 21:30:00,5.61524,0.00000,1.00000,1,20.00000,23.00000,0.62965,0.00000,0.29000,0.08000
2025-02-06 22:00:00,6.56463,0.00000,1.00000,1,20.00000,23.00000,0.62000,0.00000,0.29000,0.08000
2025-02-06 22:30:00,6.24757,0.00000,1.00000,1,20.00000,23.00000,0.61172,0.00000,0.29000,0.08000
2025-02-06 23:00:00,5.01139,0.00000,1.00000,1,20.00000,23.00000,0.60536,0.00000,0.29000,0.08000
2025-02-06 23:30:00,5.23426,0.00000,1.00000,1,20.00000,23.00000,0.60136,0.00000,0.29000,0.08000
2025-02-07 00:00:00,4.97933,0.00000,1.00000,1,20.00000,23.00000,0.60000,0.00000,0.18000,0.08000
2025-02-07 00:30:00,4.85078,0.00000,1.00000,1,20.00000,23.00000,0.60136,0.00000,0.18000,0.08000
2025-02-07 01:00:00,3.99488,0.00000,1.00000,1,20.00000,23.00000,0.60536,0.00000,0.18000,0.08000
2025-02-07 01:30:00,3.32368,0.00000,1.00000,1,20.00000,23.00000,0.61172,0.00000,0.18000,0.08000
2025-02-07 02:00:00,3.66335,0.00000,1.00000,1,20.00000,23.00000,0.62000,0.00000,0.18000,0.08000
2025-02-07 02:30:00,3.09007,0.00000,1.00000,1,20.00000,23.00000,0.62965,0.00000,0.18000,0.08000
2025-02-07 03:00:00,3.00763,0.00000,1.00000,1,20.00000,23.00000,0.64000,0.00000,0.18000,0.08000
2025-02-07 03:30:00,2.36145,0.00000,1.00000,1,20.00000,23.00000,0.65035,0.00000,0.18000,0.08000
2025-02-07 04:00:00,1.97753,0.00000,1.00000,1,20.00000,23.00000,0.66000,0.00000,0.18000,0.08000
2025-02-07 04:30:00,1.70934,0.00000,1.00000,1,20.00000,23.00000,0.66828,0.00000,0.18000,0.08000
2025-02-07 05:00:00,0.85229,0.00000,1.00000,1,20.00000,23.00000,0.67464,0.00000,0.18000,0.08000
2025-02-07 05:30:00,1.44801,0.00000,1.00000,1,20.00000,23.00000,0.67864,0.00000,0.18000,0.08000
2025-02-07 06:00:00,0.96843,0.00000,1.00000,1,20.00000,23.00000,0.68000,0.00000,0.18000,0.08000
2025-02-07 06:30:00,0.78490,0.00000,1.00000,1,20.00000,23.00000,0.67864,0.00000,0.18000,0.08000
2025-02-07 07:00:00,0.74310,0.00000,0.25000,0,17.00000,25.00000,0.42464,0.00000,0.29000,0.08000
2025-02-07 07:30:00,0.12740,0.00000,0.25000,0,17.00000,25.00000,0.41828,0.00000,0.29000,0.08000
2025-02-07 08:00:00,0.18370,0.00000,0.25000,0,17.00000,25.00000,0.41000,0.00000,0.29000,0.08000
2025-02-07 08:30:00,0.79261,62.42890,0.25000,0,17.00000,25.00000,0.40035,0.38418,0.29000,0.08000
2025-02-07 09:00:00,0.61812,122.45870,0.25000,0,17.00000,25.00000,0.39000,0.75359,0.29000,0.08000
2025-02-07 09:30:00,0.26441,150.15806,0.25000,0,17.00000,25.00000,0.37965,0.92405,0.29000,0.08000
2025-02-07 10:00:00,0.82821,172.51264,0.25000,0,17.00000,25.00000,0.37000,1.06162,0.29000,0.08000
2025-02-07 10:30:00,0.31285,218.29914,0.25000,0,17.00000,25.00000,0.36172,1.34338,0.29000,0.08000
2025-02-07 11:00:00,0.60579,225.64302,0.25000,0,17.00000,25.00000,0.35536,1.38857,0.29000,0.08000
2025-02-07 11:30:00,2.22687,185.39322,0.25000,0,17.00000,25.00000,0.35136,1.14088,0.29000,0.08000
2025-02-07 12:00:00,1.39244,289.34153,0.25000,0,17.00000,25.00000,0.35000,1.78056,0.29000,0.08000
2025-02-07 12:30:00,1.91349,280.45818,0.25000,0,17.00000,25.00000,0.35136,1.72590,0.29000,0.08000
2025-02-07 13:00:00,1.85839,290.22472,0.25000,0,17.00000,25.00000,0.35536,1.78600,0.29000,0.08000
2025-02-07 13:30:00,2.00294,170.79309,0.25000,0,17.00000,25.00000,0.36172,1.05103,0.29000,0.08000
2025-02-07 14:00:00,2.82886,207.60086,0.25000,0,17.00000,25.00000,0.37000,1.27754,0.29000,0.08000
2025-02-07 14:30:00,3.04604,137.72479,0.25000,0,17.00000,25.00000,0.37965,0.84754,0.29000,0.08000
2025-02-07 15:00:00,4.11907,88.65584,0.25000,0,17.00000,25.00000,0.39000,0.54557,0.29000,0.08000
2025-02-07 15:30:00,3.72320,44.92130,0.25000,0,17.00000,25.00000,0.40035,0.27644,0.29000,0.08000
2025-02-07 16:00:00,4.73184,0.00000,0.25000,0,17.00000,25.00000,0.41000,0.00000,0.42000,0.08000
2025-02-07 16:30:00,3.94127,0.00000,0.25000,0,17.00000,25.00000,0.41828,0.00000,0.42000,0.08000
2025-02-07 17:00:00,4.47732,0.00000,0.25000,0,17.00000,25.00000,0.42464,0.00000,0.42000,0.08000
2025-02-07 17:30:00,4.51715,0.00000,0.25000,0,17.00000,25.00000,0.42864,0.00000,0.42000,0.08000
2025-02-07 18:00:00,4.58860,0.00000,0.25000,0,17.00000,25.00000,0.43000,0.00000,0.42000,0.08000
2025-02-07 18:30:00,5.58003,0.00000,0.25000,0,17.00000,25.00000,0.42864,0.00000,0.42000,0.08000
2025-02-07 19:00:00,4.92538,0.00000,0.25000,0,17.00000,25.00000,0.42464,0.00000,0.29000,0.08000
2025-02-07 19:30:00,5.91592,0.00000,0.25000,0,17.00000,25.00000,0.41828,0.00000,0.29000,0.08000
2025-02-07 20:00:00,5.69835,0.00000,1.00000,1,20.00000,23.00000,0.66000,0.00000,0.29000,0.08000
2025-02-07 20:30:00,5.49844,0.00000,1.00000,1,20.00000,23.00000,0.65035,0.00000,0.29000,0.08000
2025-02-07 21:00:00,6.62422,0.00000,1.00000,1,20.00000,23.00000,0.64000,0.00000,0.29000,0.08000
2025-02-07 21:30:00,5.85399,0.00000,1.00000,1,20.00000,23.00000,0.62965,0.00000,0.29000,0.08000
2025-02-07 22:00:00,5.60462,0.00000,1.00000,1,20.00000,23.00000,0.62000,0.00000,0.29000,0.08000
2025-02-07 22:30:00,5.23563,0.00000,1.00000,1,20.00000,23.00000,0.61172,0.00000,0.29000,0.08000
2025-02-07 23:00:00,4.40557,0.00000,1.00000,1,20.00000,23.00000,0.60536,0.00000,0.29000,0.08000
2025-02-07 23:30:00,4.14643,0.00000,1.00000,1,20.00000,23.00000,0.60136,0.00000,0.29000,0.08000
2025-02-08 00:00:00,4.53486,0.00000,1.00000,1,20.00000,23.00000,0.60000,0.00000,0.18000,0.08000
2025-02-08 00:30:00,4.23780,0.00000,1.00000,1,20.00000,23.00000,0.60136,0.00000,0.18000,0.08000
2025-02-08 01:00:00,4.57968,0.00000,1.00000,1,20.00000,23.00000,0.60536,0.00000,0.18000,0.08000
2025-02-08 01:30:00,2.82958,0.00000,1.00000,1,20.00000,23.00000,0.61172,0.00000,0.18000,0.08000
2025-02-08 02:00:00,3.07239,0.00000,1.00000,1,20.00000,23.00000,0.62000,0.00000,0.18000,0.08000
2025-02-08 02:30:00,2.15179,0.00000,1.00000,1,20.00000,23.00000,0.62965,0.00000,0.18000,0.08000
2025-02-08 03:00:00,1.70120,0.00000,1.00000,1,20.00000,23.00000,0.64000,0.00000,0.18000,0.08000
2025-02-08 03:30:00,2.06164,0.00000,1.00000,1,20.00000,23.00000,0.65035,0.00000,0.18000,0.08000
2025-02-08 04:00:00,1.38370,0.00000,1.00000,1,20.00000,23.00000,0.66000,0.00000,0.18000,0.08000
2025-02-08 04:30:00,1.13422,0.00000,1.00000,1,20.00000,23.00000,0.66828,0.00000,0.18000,0.08000
2025-02-08 05:00:00,0.51288,0.00000,1.00000,1,20.00000,23.00000,0.67464,0.00000,0.18000,0.08000
2025-02-08 05:30:00,0.45251,0.00000,1.00000,1,20.00000,23.00000,0.67864,0.00000,0.18000,0.08000
2025-02-08 06:00:00,1.37485,0.00000,1.00000,1,20.00000,23.00000,0.68000,0.00000,0.18000,0.08000
2025-02-08 06:30:00,1.39720,0.00000,1.00000,1,20.00000,23.00000,0.67864,0.00000,0.18000,0.08000
2025-02-08 07:00:00,0.64359,0.00000,1.00000,1,20.00000,23.00000,0.67464,0.00000,0.29000,0.08000
2025-02-08 07:30:00,-0.19116,0.00000,1.00000,1,20.00000,23.00000,0.66828,0.00000,0.29000,0.08000
2025-02-08 08:00:00,-0.04593,0.00000,1.00000,1,20.00000,23.00000,0.66000,0.00000,0.29000,0.08000
2025-02-08 08:30:00,-0.39210,40.44741,1.00000,1,20.00000,23.00000,0.65035,0.24891,0.29000,0.08000
2025-02-08 09:00:00,0.50053,89.31084,1.00000,1,20.00000,23.00000,0.64000,0.54961,0.29000,0.08000
2025-02-08 09:30:00,0.32249,140.31985,1.00000,1,20.00000,23.00000,0.62965,0.86351,0.29000,0.08000
2025-02-08 10:00:00,0.43541,156.73703,1.00000,1,20.00000,23.00000,0.62000,0.96454,0.29000,0.08000
2025-02-08 10:30:00,1.13324,163.91119,1.00000,1,20.00000,23.00000,0.61172,1.00868,0.29000,0.08000
2025-02-08 11:00:00,0.87963,258.89971,1.00000,1,20.00000,23.00000,0.60536,1.59323,0.29000,0.08000
2025-02-08 11:30:00,1.34424,213.54502,1.00000,1,20.00000,23.00000,0.60136,1.31412,0.29000,0.08000
2025-02-08 12:00:00,1.34695,198.06384,1.00000,1,20.00000,23.00000,0.60000,1.21885,0.29000,0.08000
2025-02-08 12:30:00,1.83067,246.94569,1.00000,1,20.00000,23.00000,0.60136,1.51967,0.29000,0.08000
2025-02-08 13:00:00,2.04646,178.96921,1.00000,1,20.00000,23.00000,0.60536,1.10135,0.29000,0.08000
2025-02-08 13:30:00,2.74639,139.73134,1.00000,1,20.00000,23.00000,0.61172,0.85989,0.29000,0.08000
2025-02-08 14:00:00,3.01174,138.16871,1.00000,1,20.00000,23.00000,0.62000,0.85027,0.29000,0.08000
2025-02-08 14:30:00,3.70235,78.93736,1.00000,1,20.00000,23.00000,0.62965,0.48577,0.29000,0.08000
2025-02-08 15:00:00,4.10089,103.28508,1.00000,1,20.00000,23.00000,0.64000,0.63560,0.29000,0.08000
2025-02-08 15:30:00,4.23200,43.31873,1.00000,1,20.00000,23.00000,0.65035,0.26658,0.29000,0.08000
2025-02-08 16:00:00,5.28310,0.00000,1.00000,1,20.00000,23.00000,0.66000,0.00000,0.42000,0.08000
2025-02-08 16:30:00,5.05735,0.00000,1.00000,1,20.00000,23.00000,0.66828,0.00000,0.42000,0.08000
2025-02-08 17:00:00,5.51090,0.00000,1.00000,1,20.00000,23.00000,0.67464,0.00000,0.42000,0.08000
2025-02-08 17:30:00,5.21619,0.00000,1.00000,1,20.00000,23.00000,0.67864,0.00000,0.42000,0.08000
2025-02-08 18:00:00,6.50221,0.00000,1.00000,1,20.00000,23.00000,0.68000,0.00000,0.42000,0.08000
2025-02-08 18:30:00,5.74344,0.00000,1.00000,1,20.00000,23.00000,0.67864,0.00000,0.42000,0.08000
2025-02-08 19:00:00,6.32448,0.00000,1.00000,1,20.00000,23.00000,0.67464,0.00000,0.29000,0.08000
2025-02-08 19:30:00,6.34556,0.00000,1.00000,1,20.00000,23.00000,0.66828,0.00000,0.29000,0.08000
2025-02-08 20:00:00,6.04057,0.00000,1.00000,1,20.00000,23.00000,0.66000,0.00000,0.29000,0.08000
2025-02-08 20:30:00,6.68031,0.00000,1.00000,1,20.00000,23.00000,0.65035,0.00000,0.29000,0.08000
2025-02-08 21:00:00,6.50726,0.00000,1.00000,1,20.00000,23.00000,0.64000,0.00000,0.29000,0.08000
2025-02-08 21:30:00,6.34465,0.00000,1.00000,1,20.00000,23.00000,0.62965,0.00000,0.29000,0.08000
2025-02-08 22:00:00,6.09069,0.00000,1.00000,1,20.00000,23.00000,0.62000,0.00000,0.29000,0.08000
2025-02-08 22:30:00,6.24723,0.00000,1.00000,1,20.00000,23.00000,0.61172,0.00000,0.29000,0.08000
2025-02-08 23:00:00,5.93229,0.00000,1.00000,1,20.00000,23.00000,0.60536,0.00000,0.29000,0.08000
2025-02-08 23:30:00,5.65280,0.00000,1.00000,1,20.00000,23.00000,0.60136,0.00000,0.29000,0.08000
2025-02-09 00:00:00,4.33864,0.00000,1.00000,1,20.00000,23.00000,0.60000,0.00000,0.18000,0.08000
2025-02-09 00:30:00,4.90127,0.00000,1.00000,1,20.00000,23.00000,0.60136,0.00000,0.18000,0.08000
2025-02-09 01:00:00,5.26472,0.00000,1.00000,1,20.00000,23.00000,0.60536,0.00000,0.18000,0.08000
2025-02-09 01:30:00,4.53608,0.00000,1.00000,1,20.00000,23.00000,0.61172,0.00000,0.18000,0.08000
2025-02-09 02:00:00,4.13176,0.00000,1.00000,1,20.00000,23.00000,0.62000,0.00000,0.18000,0.08000
2025-02-09 02:30:00,3.41009,0.00000,1.00000,1,20.00000,23.00000,0.62965,0.00000,0.18000,0.08000
2025-02-09 03:00:00,3.45673,0.00000,1.00000,1,20.00000,23.00000,0.64000,0.00000,0.18000,0.08000
2025-02-09 03:30:00,3.15720,0.00000,1.00000,1,20.00000,23.00000,0.65035,0.00000,0.18000,0.08000
2025-02-09 04:00:00,2.88985,0.00000,1.00000,1,20.00000,23.00000,0.66000,0.00000,0.18000,0.08000
2025-02-09 04:30:00,2.62869,0.00000,1.00000,1,20.00000,23.00000,0.66828,0.00000,0.18000,0.08000
2025-02-09 05:00:00,2.26411,0.00000,1.00000,1,20.00000,23.00000,0.67464,0.00000,0.18000,0.08000
2025-02-09 05:30:00,1.95116,0.00000,1.00000,1,20.00000,23.00000,0.67864,0.00000,0.18000,0.08000
2025-02-09 06:00:00,1.38787,0.00000,1.00000,1,20.00000,23.00000,0.68000,0.00000,0.18000,0.08000
2025-02-09 06:30:00,1.60022,0.00000,1.00000,1,20.00000,23.00000,0.67864,0.00000,0.18000,0.08000
2025-02-09 07:00:00,2.06915,0.00000,1.00000,1,20.00000,23.00000,0.67464,0.00000,0.29000,0.08000
2025-02-09 07:30:00,1.70847,0.00000,1.00000,1,20.00000,23.00000,0.66828,0.00000,0.29000,0.08000
2025-02-09 08:00:00,1.54981,0.00000,1.00000,1,20.00000,23.00000,0.66000,0.00000,0.29000,0.08000
2025-02-09 08:30:00,2.15915,27.21931,1.00000,1,20.00000,23.00000,0.65035,0.16750,0.29000,0.08000
2025-02-09 09:00:00,2.16582,51.52506,1.00000,1,20.00000,23.00000,0.64000,0.31708,0.29000,0.08000
2025-02-09 09:30:00,2.21438,69.85729,1.00000,1,20.00000,23.00000,0.62965,0.42989,0.29000,0.08000
2025-02-09 10:00:00,2.66589,119.61550,1.00000,1,20.00000,23.00000,0.62000,0.73610,0.29000,0.08000
2025-02-09 10:30:00,2.83458,131.47300,1.00000,1,20.00000,23.00000,0.61172,0.80906,0.29000,0.08000
2025-02-09 11:00:00,3.14481,101.62780,1.00000,1,20.00000,23.00000,0.60536,0.62540,0.29000,0.08000
2025-02-09 11:30:00,3.31742,119.30418,1.00000,1,20.00000,23.00000,0.60136,0.73418,0.29000,0.08000
2025-02-09 12:00:00,3.27248,161.58747,1.00000,1,20.00000,23.00000,0.60000,0.99438,0.29000,0.08000
2025-02-09 12:30:00,3.55068,206.51257,1.00000,1,20.00000,23.00000,0.60136,1.27085,0.29000,0.08000
2025-02-09 13:00:00,3.77281,194.37830,1.00000,1,20.00000,23.00000,0.60536,1.19617,0.29000,0.08000
2025-02-09 13:30:00,4.64181,167.26355,1.00000,1,20.00000,23.00000,0.61172,1.02931,0.29000,0.08000
2025-02-09 14:00:00,4.65134,71.35096,1.00000,1,20.00000,23.00000,0.62000,0.43908,0.29000,0.08000
2025-02-09 14:30:00,5.17348,55.78676,1.00000,1,20.00000,23.00000,0.62965,0.34330,0.29000,0.08000
2025-02-09 15:00:00,5.80923,70.97756,1.00000,1,20.00000,23.00000,0.64000,0.43679,0.29000,0.08000
2025-02-09 15:30:00,6.73226,32.14264,1.00000,1,20.00000,23.00000,0.65035,0.19780,0.29000,0.08000
2025-02-09 16:00:00,6.89514,0.00000,1.00000,1,20.00000,23.00000,0.66000,0.00000,0.42000,0.08000
2025-02-09 16:30:00,7.30795,0.00000,1.00000,1,20.00000,23.00000,0.66828,0.00000,0.42000,0.08000
2025-02-09 17:00:00,7.58226,0.00000,1.00000,1,20.00000,23.00000,0.67464,0.00000,0.42000,0.08000
2025-02-09 17:30:00,7.43641,0.00000,1.00000,1,20.00000,23.00000,0.67864,0.00000,0.42000,0.08000
2025-02-09 18:00:00,8.18196,0.00000,1.00000,1,20.00000,23.00000,0.68000,0.00000,0.42000,0.08000
2025-02-09 18:30:00,7.74475,0.00000,1.00000,1,20.00000,23.00000,0.67864,0.00000,0.42000,0.08000
2025-02-09 19:00:00,8.43791,0.00000,1.00000,1,20.00000,23.00000,0.67464,0.00000,0.29000,0.08000
2025-02-09 19:30:00,8.37883,0.00000,1.00000,1,20.00000,23.00000,0.66828,0.00000,0.29000,0.08000
2025-02-09 20:00:00,8.25367,0.00000,1.00000,1,20.00000,23.00000,0.66000,0.00000,0.29000,0.08000
2025-02-09 20:30:00,8.45808,0.00000,1.00000,1,20.00000,23.00000,0.65035,0.00000,0.29000,0.08000
2025-02-09 21:00:00,9.01758,0.00000,1.00000,1,20.00000,23.00000,0.64000,0.00000,0.29000,0.08000
2025-02-09 21:30:00,8.53266,0.00000,1.00000,1,20.00000,23.00000,0.62965,0.00000,0.29000,0.08000
2025-02-09 22:00:00,7.30144,0.00000,1.00000,1,20.00000,23.00000,0.62000,0.00000,0.29000,0.08000
2025-02-09 22:30:00,7.99931,0.00000,1.00000,1,20.00000,23.00000,0.61172,0.00000,0.29000,0.08000
2025-02-09 23:00:00,8.11921,0.00000,1.00000,1,20.00000,23.00000,0.60536,0.00000,0.29000,0.08000
2025-02-09 23:30:00,7.95930,0.00000,1.00000,1,20.00000,23.00000,0.60136,0.00000,0.29000,0.08000
2025-02-10 00:00:00,7.46324,0.00000,1.00000,1,20.00000,23.00000,0.60000,0.00000,0.18000,0.08000
2025-02-10 00:30:00,7.25416,0.00000,1.00000,1,20.00000,23.00000,0.60136,0.00000,0.18000,0.08000
2025-02-10 01:00:00,6.52672,0.00000,1.00000,1,20.00000,23.00000,0.60536,0.00000,0.18000,0.08000
2025-02-10 01:30:00,6.57124,0.00000,1.00000,1,20.00000,23.00000,0.61172,0.00000,0.18000,0.08000
2025-02-10 02:00:00,6.64617,0.00000,1.00000,1,20.00000,23.00000,0.62000,0.00000,0.18000,0.08000
2025-02-10 02:30:00,5.35588,0.00000,1.00000,1,20.00000,23.00000,0.62965,0.00000,0.18000,0.08000
2025-02-10 03:00:00,5.57200,0.00000,1.00000,1,20.00000,23.00000,0.64000,0.00000,0.18000,0.08000
2025-02-10 03:30:00,5.63252,0.00000,1.00000,1,20.00000,23.00000,0.65035,0.00000,0.18000,0.08000
2025-02-10 04:00:00,4.40667,0.00000,1.00000,1,20.00000,23.00000,0.66000,0.00000,0.18000,0.08000
2025-02-10 04:30:00,5.08412,0.00000,1.00000,1,20.00000,23.00000,0.66828,0.00000,0.18000,0.08000
2025-02-10 05:00:00,4.28921,0.00000,1.00000,1,20.00000,23.00000,0.67464,0.00000,0.18000,0.08000
2025-02-10 05:30:00,3.92008,0.00000,1.00000,1,20.00000,23.00000,0.67864,0.00000,0.18000,0.08000
2025-02-10 06:00:00,3.52552,0.00000,1.00000,1,20.00000,23.00000,0.68000,0.00000,0.18000,0.08000
2025-02-10 06:30:00,3.64948,0.00000,1.00000,1,20.00000,23.00000,0.67864,0.00000,0.18000,0.08000
2025-02-10 07:00:00,3.76104,0.00000,0.25000,0,17.00000,25.00000,0.42464,0.00000,0.29000,0.08000
2025-02-10 07:30:00,3.44531,0.00000,0.25000,0,17.00000,25.00000,0.41828,0.00000,0.29000,0.08000
2025-02-10 08:00:00,3.53079,0.00000,0.25000,0,17.00000,25.00000,0.41000,0.00000,0.29000,0.08000
2025-02-10 08:30:00,3.82716,35.12107,0.25000,0,17.00000,25.00000,0.40035,0.21613,0.29000,0.08000
2025-02-10 09:00:00,3.69639,86.91739,0.25000,0,17.00000,25.00000,0.39000,0.53488,0.29000,0.08000
2025-02-10 09:30:00,4.22422,94.26050,0.25000,0,17.00000,25.00000,0.37965,0.58006,0.29000,0.08000
2025-02-10 10:00:00,4.37838,153.94897,0.25000,0,17.00000,25.00000,0.37000,0.94738,0.29000,0.08000
2025-02-10 10:30:00,4.55095,141.46933,0.25000,0,17.00000,25.00000,0.36172,0.87058,0.29000,0.08000
2025-02-10 11:00:00,5.30496,223.50767,0.25000,0,17.00000,25.00000,0.35536,1.37543,0.29000,0.08000
2025-02-10 11:30:00,5.08682,216.94749,0.25000,0,17.00000,25.00000,0.35136,1.33506,0.29000,0.08000
2025-02-10 12:00:00,5.18929,253.51131,0.25000,0,17.00000,25.00000,0.35000,1.56007,0.29000,0.08000
2025-02-10 12:30:00,5.45146,237.24844,0.25000,0,17.00000,25.00000,0.35136,1.45999,0.29000,0.08000
2025-02-10 13:00:00,5.95061,223.23201,0.25000,0,17.00000,25.00000,0.35536,1.37374,0.29000,0.08000
2025-02-10 13:30:00,6.82369,178.36526,0.25000,0,17.00000,25.00000,0.36172,1.09763,0.29000,0.08000
2025-02-10 14:00:00,6.67710,166.60442,0.25000,0,17.00000,25.00000,0.37000,1.02526,0.29000,0.08000
2025-02-10 14:30:00,7.37097,96.39435,0.25000,0,17.00000,25.00000,0.37965,0.59320,0.29000,0.08000
2025-02-10 15:00:00,7.42690,93.83518,0.25000,0,17.00000,25.00000,0.39000,0.57745,0.29000,0.08000
2025-02-10 15:30:00,8.15696,53.89678,0.25000,0,17.00000,25.00000,0.40035,0.33167,0.29000,0.08000
2025-02-10 16:00:00,8.39800,0.00000,0.25000,0,17.00000,25.00000,0.41000,0.00000,0.42000,0.08000
2025-02-10 16:30:00,8.37877,0.00000,0.25000,0,17.00000,25.00000,0.41828,0.00000,0.42000,0.08000
2025-02-10 17:00:00,9.83482,0.00000,0.25000,0,17.00000,25.00000,0.42464,0.00000,0.42000,0.08000
2025-02-10 17:30:00,8.92282,0.00000,0.25000,0,17.00000,25.00000,0.42864,0.00000,0.42000,0.08000
2025-02-10 18:00:00,9.34659,0.00000,0.25000,0,17.00000,25.00000,0.43000,0.00000,0.42000,0.08000
2025-02-10 18:30:00,9.68537,0.00000,0.25000,0,17.00000,25.00000,0.42864,0.00000,0.42000,0.08000
2025-02-10 19:00:00,9.96558,0.00000,0.25000,0,17.00000,25.00000,0.42464,0.00000,0.29000,0.08000
2025-02-10 19:30:00,9.15347,0.00000,0.25000,0,17.00000,25.00000,0.41828,0.00000,0.29000,0.08000
2025-02-10 20:00:00,9.64419,0.00000,1.00000,1,20.00000,23.00000,0.66000,0.00000,0.29000,0.08000
2025-02-10 20:30:00,10.15619,0.00000,1.00000,1,20.00000,23.00000,0.65035,0.00000,0.29000,0.08000
2025-02-10 21:00:00,9.85000,0.00000,1.00000,1,20.00000,23.00000,0.64000,0.00000,0.29000,0.08000
2025-02-10 21:30:00,8.16064,0.00000,1.00000,1,20.00000,23.00000,0.62965,0.00000,0.29000,0.08000
2025-02-10 22:00:00,9.54528,0.00000,1.00000,1,20.00000,23.00000,0.62000,0.00000,0.29000,0.08000
2025-02-10 22:30:00,9.66334,0.00000,1.00000,1,20.00000,23.00000,0.61172,0.00000,0.29000,0.08000
2025-02-10 23:00:00,9.77344,0.00000,1.00000,1,20.00000,23.00000,0.60536,0.00000,0.29000,0.08000
2025-02-10 23:30:00,9.46099,0.00000,1.00000,1,20.00000,23.00000,0.60136,0.00000,0.29000,0.08000
2025-02-11 00:00:00,8.69707,0.00000,1.00000,1,20.00000,23.00000,0.60000,0.00000,0.18000,0.08000
2025-02-11 00:30:00,8.62488,0.00000,1.00000,1,20.00000,23.00000,0.60136,0.00000,0.18000,0.08000
2025-02-11 01:00:00,7.85656,0.00000,1.00000,1,20.00000,23.00000,0.60536,0.00000,0.18000,0.08000
2025-02-11 01:30:00,8.04979,0.00000,1.00000,1,20.00000,23.00000,0.61172,0.00000,0.18000,0.08000
2025-02-11 02:00:00,7.71739,0.00000,1.00000,1,20.00000,23.00000,0.62000,0.00000,0.18000,0.08000
2025-02-11 02:30:00,6.73544,0.00000,1.00000,1,20.00000,23.00000,0.62965,0.00000,0.18000,0.08000
2025-02-11 03:00:00,6.83859,0.00000,1.00000,1,20.00000,23.00000,0.64000,0.00000,0.18000,0.08000
2025-02-11 03:30:00,6.18816,0.00000,1.00000,1,20.00000,23.00000,0.65035,0.00000,0.18000,0.08000
2025-02-11 04:00:00,5.87516,0.00000,1.00000,1,20.00000,23.00000,0.66000,0.00000,0.18000,0.08000
2025-02-11 04:30:00,5.65103,0.00000,1.00000,1,20.00000,23.00000,0.66828,0.00000,0.18000,0.08000
2025-02-11 05:00:00,5.31533,0.00000,1.00000,1,20.00000,23.00000,0.67464,0.00000,0.18000,0.08000
2025-02-11 05:30:00,5.12699,0.00000,1.00000,1,20.00000,23.00000,0.67864,0.00000,0.18000,0.08000
2025-02-11 06:00:00,4.88126,0.00000,1.00000,1,20.00000,23.00000,0.68000,0.00000,0.18000,0.08000
2025-02-11 06:30:00,4.33922,0.00000,1.00000,1,20.00000,23.00000,0.67864,0.00000,0.18000,0.08000
2025-02-11 07:00:00,4.59673,0.00000,0.25000,0,17.00000,25.00000,0.42464,0.00000,0.29000,0.08000
2025-02-11 07:30:00,4.11302,0.00000,0.25000,0,17.00000,25.00000,0.41828,0.00000,0.29000,0.08000
2025-02-11 08:00:00,3.92322,0.00000,0.25000,0,17.00000,25.00000,0.41000,0.00000,0.29000,0.08000
2025-02-11 08:30:00,5.16104,49.20049,0.25000,0,17.00000,25.00000,0.40035,0.30277,0.29000,0.08000
2025-02-11 09:00:00,4.64104,110.66947,0.25000,0,17.00000,25.00000,0.39000,0.68104,0.29000,0.08000
2025-02-11 09:30:00,5.04630,142.31706,0.25000,0,17.00000,25.00000,0.37965,0.87580,0.29000,0.08000
2025-02-11 10:00:00,5.08969,155.29237,0.25000,0,17.00000,25.00000,0.37000,0.95565,0.29000,0.08000
2025-02-11 10:30:00,4.95816,241.41191,0.25000,0,17.00000,25.00000,0.36172,1.48561,0.29000,0.08000
2025-02-11 11:00:00,4.74778,295.64145,0.25000,0,17.00000,25.00000,0.35536,1.81933,0.29000,0.08000
2025-02-11 11:30:00,5.27314,283.49530,0.25000,0,17.00000,25.00000,0.35136,1.74459,0.29000,0.08000
2025-02-11 12:00:00,5.15244,268.35896,0.25000,0,17.00000,25.00000,0.35000,1.65144,0.29000,0.08000
2025-02-11 12:30:00,5.79260,254.62040,0.25000,0,17.00000,25.00000,0.35136,1.56689,0.29000,0.08000
2025-02-11 13:00:00,6.46271,281.37559,0.25000,0,17.00000,25.00000,0.35536,1.73154,0.29000,0.08000
2025-02-11 13:30:00,6.60201,228.88668,0.25000,0,17.00000,25.00000,0.36172,1.40853,0.29000,0.08000
2025-02-11 14:00:00,7.00607,206.71925,0.25000,0,17.00000,25.00000,0.37000,1.27212,0.29000,0.08000
2025-02-11 14:30:00,7.06535,152.97652,0.25000,0,17.00000,25.00000,0.37965,0.94139,0.29000,0.08000
2025-02-11 15:00:00,7.80399,110.74025,0.25000,0,17.00000,25.00000,0.39000,0.68148,0.29000,0.08000
2025-02-11 15:30:00,7.46316,48.12254,0.25000,0,17.00000,25.00000,0.40035,0.29614,0.29000,0.08000
2025-02-11 16:00:00,8.46705,0.00000,0.25000,0,17.00000,25.00000,0.41000,0.00000,0.42000,0.08000
2025-02-11 16:30:00,8.49135,0.00000,0.25000,0,17.00000,25.00000,0.41828,0.00000,0.42000,0.08000
2025-02-11 17:00:00,8.99990,0.00000,0.25000,0,17.00000,25.00000,0.42464,0.00000,0.42000,0.08000
2025-02-11 17:30:00,9.27775,0.00000,0.25000,0,17.00000,25.00000,0.42864,0.00000,0.42000,0.08000
2025-02-11 18:00:00,9.03584,0.00000,0.25000,0,17.00000,25.00000,0.43000,0.00000,0.42000,0.08000
2025-02-11 18:30:00,9.21194,0.00000,0.25000,0,17.00000,25.00000,0.42864,0.00000,0.42000,0.08000
2025-02-11 19:00:00,9.65038,0.00000,0.25000,0,17.00000,25.00000,0.42464,0.00000,0.29000,0.08000
2025-02-11 19:30:00,9.86121,0.00000,0.25000,0,17.00000,25.00000,0.41828,0.00000,0.29000,0.08000
2025-02-11 20:00:00,9.39188,0.00000,1.00000,1,20.00000,23.00000,0.66000,0.00000,0.29000,0.08000
2025-02-11 20:30:00,9.75901,0.00000,1.00000,1,20.00000,23.00000,0.65035,0.00000,0.29000,0.08000
2025-02-11 21:00:00,9.04943,0.00000,1.00000,1,20.00000,23.00000,0.64000,0.00000,0.29000,0.08000
2025-02-11 21:30:00,9.06089,0.00000,1.00000,1,20.00000,23.00000,0.62965,0.00000,0.29000,0.08000
2025-02-11 22:00:00,9.26058,0.00000,1.00000,1,20.00000,23.00000,0.62000,0.00000,0.29000,0.08000
2025-02-11 22:30:00,8.85583,0.00000,1.00000,1,20.00000,23.00000,0.61172,0.00000,0.29000,0.08000
2025-02-11 23:00:00,8.24182,0.00000,1.00000,1,20.00000,23.00000,0.60536,0.00000,0.29000,0.08000
2025-02-11 23:30:00,8.24783,0.00000,1.00000,1,20.00000,23.00000,0.60136,0.00000,0.29000,0.08000
2025-02-12 00:00:00,7.83214,0.00000,1.00000,1,20.00000,23.00000,0.60000,0.00000,0.18000,0.08000
2025-02-12 00:30:00,7.64901,0.00000,1.00000,1,20.00000,23.00000,0.60136,0.00000,0.18000,0.08000
2025-02-12 01:00:00,6.97400,0.00000,1.00000,1,20.00000,23.00000,0.60536,0.00000,0.18000,0.08000
2025-02-12 01:30:00,6.67373,0.00000,1.00000,1,20.00000,23.00000,0.61172,0.00000,0.18000,0.08000
2025-02-12 02:00:00,5.99327,0.00000,1.00000,1,20.00000,23.00000,0.62000,0.00000,0.18000,0.08000
2025-02-12 02:30:00,5.85318,0.00000,1.00000,1,20.00000,23.00000,0.62965,0.00000,0.18000,0.08000
2025-02-12 03:00:00,5.23265,0.00000,1.00000,1,20.00000,23.00000,0.64000,0.00000,0.18000,0.08000
2025-02-12 03:30:00,4.90494,0.00000,1.00000,1,20.00000,23.00000,0.65035,0.00000,0.18000,0.08000
2025-02-12 04:00:00,4.75504,0.00000,1.00000,1,20.00000,23.00000,0.66000,0.00000,0.18000,0.08000
2025-02-12 04:30:00,4.24400,0.00000,1.00000,1,20.00000,23.00000,0.66828,0.00000,0.18000,0.08000
2025-02-12 05:00:00,4.09899,0.00000,1.00000,1,20.00000,23.00000,0.67464,0.00000,0.18000,0.08000
2025-02-12 05:30:00,3.66592,0.00000,1.00000,1,20.00000,23.00000,0.67864,0.00000,0.18000,0.08000
2025-02-12 06:00:00,3.76409,0.00000,1.00000,1,20.00000,23.00000,0.68000,0.00000,0.18000,0.08000
2025-02-12 06:30:00,3.34434,0.00000,1.00000,1,20.00000,23.00000,0.67864,0.00000,0.18000,0.08000
2025-02-12 07:00:00,3.19372,0.00000,0.25000,0,17.00000,25.00000,0.42464,0.00000,0.29000,0.08000
2025-02-12 07:30:00,3.31902,0.00000,0.25000,0,17.00000,25.00000,0.41828,0.00000,0.29000,0.08000
2025-02-12 08:00:00,2.80591,0.00000,0.25000,0,17.00000,25.00000,0.41000,0.00000,0.29000,0.08000
2025-02-12 08:30:00,2.56810,52.92848,0.25000,0,17.00000,25.00000,0.40035,0.32571,0.29000,0.08000
2025-02-12 09:00:00,3.17182,91.25714,0.25000,0,17.00000,25.00000,0.39000,0.56158,0.29000,0.08000
2025-02-12 09:30:00,3.56174,91.48488,0.25000,0,17.00000,25.00000,0.37965,0.56298,0.29000,0.08000
2025-02-12 10:00:00,3.61313,141.56228,0.25000,0,17.00000,25.00000,0.37000,0.87115,0.29000,0.08000
2025-02-12 10:30:00,2.90770,128.73266,0.25000,0,17.00000,25.00000,0.36172,0.79220,0.29000,0.08000
2025-02-12 11:00:00,3.78792,168.20304,0.25000,0,17.00000,25.00000,0.35536,1.03510,0.29000,0.08000
2025-02-12 11:30:00,3.51677,164.16847,0.25000,0,17.00000,25.00000,0.35136,1.01027,0.29000,0.08000
2025-02-12 12:00:00,3.82928,178.77775,0.25000,0,17.00000,25.00000,0.35000,1.10017,0.29000,0.08000
2025-02-12 12:30:00,4.88561,146.35447,0.25000,0,17.00000,25.00000,0.35136,0.90064,0.29000,0.08000
2025-02-12 13:00:00,4.07095,177.02468,0.25000,0,17.00000,25.00000,0.35536,1.08938,0.29000,0.08000
2025-02-12 13:30:00,5.24943,116.83401,0.25000,0,17.00000,25.00000,0.36172,0.71898,0.29000,0.08000
2025-02-12 14:00:00,5.33178,80.00303,0.25000,0,17.00000,25.00000,0.37000,0.49233,0.29000,0.08000
2025-02-12 14:30:00,5.96247,106.08547,0.25000,0,17.00000,25.00000,0.37965,0.65283,0.29000,0.08000
2025-02-12 15:00:00,5.70555,67.69672,0.25000,0,17.00000,25.00000,0.39000,0.41660,0.29000,0.08000
2025-02-12 15:30:00,6.82495,39.75108,0.25000,0,17.00000,25.00000,0.40035,0.24462,0.29000,0.08000
2025-02-12 16:00:00,6.91228,0.00000,0.25000,0,17.00000,25.00000,0.41000,0.00000,0.42000,0.08000
2025-02-12 16:30:00,6.58191,0.00000,0.25000,0,17.00000,25.00000,0.41828,0.00000,0.42000,0.08000
2025-02-12 17:00:00,6.73105,0.00000,0.25000,0,17.00000,25.00000,0.42464,0.00000,0.42000,0.08000
2025-02-12 17:30:00,7.09486,0.00000,0.25000,0,17.00000,25.00000,0.42864,0.00000,0.42000,0.08000
2025-02-12 18:00:00,7.12343,0.00000,0.25000,0,17.00000,25.00000,0.43000,0.00000,0.42000,0.08000
2025-02-12 18:30:00,6.92426,0.00000,0.25000,0,17.00000,25.00000,0.42864,0.00000,0.42000,0.08000
2025-02-12 19:00:00,7.94259,0.00000,0.25000,0,17.00000,25.00000,0.42464,0.00000,0.29000,0.08000
2025-02-12 19:30:00,7.80787,0.00000,0.25000,0,17.00000,25.00000,0.41828,0.00000,0.29000,0.08000
2025-02-12 20:00:00,7.14869,0.00000,1.00000,1,20.00000,23.00000,0.66000,0.00000,0.29000,0.08000
2025-02-12 20:30:00,8.64589,0.00000,1.00000,1,20.00000,23.00000,0.65035,0.00000,0.29000,0.08000
2025-02-12 21:00:00,7.37170,0.00000,1.00000,1,20.00000,23.00000,0.64000,0.00000,0.29000,0.08000
2025-02-12 21:30:00,6.81520,0.00000,1.00000,1,20.00000,23.00000,0.62965,0.00000,0.29000,0.08000
2025-02-12 22:00:00,7.70468,0.00000,1.00000,1,20.00000,23.00000,0.62000,0.00000,0.29000,0.08000
2025-02-12 22:30:00,7.18168,0.00000,1.00000,1,20.00000,23.00000,0.61172,0.00000,0.29000,0.08000
2025-02-12 23:00:00,6.52177,0.00000,1.00000,1,20.00000,23.00000,0.60536,0.00000,0.29000,0.08000
2025-02-12 23:30:00,6.47178,0.00000,1.00000,1,20.00000,23.00000,0.60136,0.00000,0.29000,0.08000
2025-02-13 00:00:00,6.10445,0.00000,1.00000,1,20.00000,23.00000,0.60000,0.00000,0.18000,0.08000
2025-02-13 00:30:00,5.32825,0.00000,1.00000,1,20.00000,23.00000,0.60136,0.00000,0.18000,0.08000
2025-02-13 01:00:00,5.40889,0.00000,1.00000,1,20.00000,23.00000,0.60536,0.00000,0.18000,0.08000
2025-02-13 01:30:00,5.03111,0.00000,1.00000,1,20.00000,23.00000,0.61172,0.00000,0.18000,0.08000
2025-02-13 02:00:00,4.22038,0.00000,1.00000,1,20.00000,23.00000,0.62000,0.00000,0.18000,0.08000
2025-02-13 02:30:00,4.34991,0.00000,1.00000,1,20.00000,23.00000,0.62965,0.00000,0.18000,0.08000
2025-02-13 03:00:00,3.48868,0.00000,1.00000,1,20.00000,23.00000,0.64000,0.00000,0.18000,0.08000
2025-02-13 03:30:00,2.33840,0.00000,1.00000,1,20.00000,23.00000,0.65035,0.00000,0.18000,0.08000
2025-02-13 04:00:00,2.68821,0.00000,1.00000,1,20.00000,23.00000,0.66000,0.00000,0.18000,0.08000
2025-02-13 04:30:00,2.35739,0.00000,1.00000,1,20.00000,23.00000,0.66828,0.00000,0.18000,0.08000
2025-02-13 05:00:00,2.02397,0.00000,1.00000,1,20.00000,23.00000,0.67464,0.00000,0.18000,0.08000
2025-02-13 05:30:00,1.20511,0.00000,1.00000,1,20.00000,23.00000,0.67864,0.00000,0.18000,0.08000
2025-02-13 06:00:00,1.42955,0.00000,1.00000,1,20.00000,23.00000,0.68000,0.00000,0.18000,0.08000
2025-02-13 06:30:00,1.22952,0.00000,1.00000,1,20.00000,23.00000,0.67864,0.00000,0.18000,0.08000
2025-02-13 07:00:00,1.22541,0.00000,0.25000,0,17.00000,25.00000,0.42464,0.00000,0.29000,0.08000
2025-02-13 07:30:00,1.52856,0.00000,0.25000,0,17.00000,25.00000,0.41828,0.00000,0.29000,0.08000
2025-02-13 08:00:00,0.07227,0.00000,0.25000,0,17.00000,25.00000,0.41000,0.00000,0.29000,0.08000
2025-02-13 08:30:00,1.10097,30.40398,0.25000,0,17.00000,25.00000,0.40035,0.18710,0.29000,0.08000
2025-02-13 09:00:00,0.53813,45.34372,0.25000,0,17.00000,25.00000,0.39000,0.27904,0.29000,0.08000
2025-02-13 09:30:00,1.60123,55.34090,0.25000,0,17.00000,25.00000,0.37965,0.34056,0.29000,0.08000
2025-02-13 10:00:00,1.03048,104.70896,0.25000,0,17.00000,25.00000,0.37000,0.64436,0.29000,0.08000
2025-02-13 10:30:00,1.86433,135.33007,0.25000,0,17.00000,25.00000,0.36172,0.83280,0.29000,0.08000
2025-02-13 11:00:00,1.62496,86.70628,0.25000,0,17.00000,25.00000,0.35536,0.53358,0.29000,0.08000
2025-02-13 11:30:00,1.58842,166.85966,0.25000,0,17.00000,25.00000,0.35136,1.02683,0.29000,0.08000
2025-02-13 12:00:00,1.45421,130.92456,0.25000,0,17.00000,25.00000,0.35000,0.80569,0.29000,0.08000
2025-02-13 12:30:00,2.52715,165.37945,0.25000,0,17.00000,25.00000,0.35136,1.01772,0.29000,0.08000
2025-02-13 13:00:00,3.41652,161.13328,0.25000,0,17.00000,25.00000,0.35536,0.99159,0.29000,0.08000
2025-02-13 13:30:00,3.61566,191.42644,0.25000,0,17.00000,25.00000,0.36172,1.17801,0.29000,0.08000
2025-02-13 14:00:00,3.51026,103.84921,0.25000,0,17.00000,25.00000,0.37000,0.63907,0.29000,0.08000
2025-02-13 14:30:00,4.04486,101.29479,0.25000,0,17.00000,25.00000,0.37965,0.62335,0.29000,0.08000
2025-02-13 15:00:00,3.13754,32.80029,0.25000,0,17.00000,25.00000,0.39000,0.20185,0.29000,0.08000
2025-02-13 15:30:00,4.09549,35.47128,0.25000,0,17.00000,25.00000,0.40035,0.21828,0.29000,0.08000
2025-02-13 16:00:00,4.15519,0.00000,0.25000,0,17.00000,25.00000,0.41000,0.00000,0.42000,0.08000
2025-02-13 16:30:00,5.05055,0.00000,0.25000,0,17.00000,25.00000,0.41828,0.00000,0.42000,0.08000
2025-02-13 17:00:00,5.07239,0.00000,0.25000,0,17.00000,25.00000,0.42464,0.00000,0.42000,0.08000
2025-02-13 17:30:00,4.78134,0.00000,0.25000,0,17.00000,25.00000,0.42864,0.00000,0.42000,0.08000
2025-02-13 18:00:00,5.41275,0.00000,0.25000,0,17.00000,25.00000,0.43000,0.00000,0.42000,0.08000
2025-02-13 18:30:00,6.20266,0.00000,0.25000,0,17.00000,25.00000,0.42864,0.00000,0.42000,0.08000
2025-02-13 19:00:00,6.45154,0.00000,0.25000,0,17.00000,25.00000,0.42464,0.00000,0.29000,0.08000
2025-02-13 19:30:00,6.13513,0.00000,0.25000,0,17.00000,25.00000,0.41828,0.00000,0.29000,0.08000
2025-02-13 20:00:00,5.55897,0.00000,1.00000,1,20.00000,23.00000,0.66000,0.00000,0.29000,0.08000
2025-02-13 20:30:00,5.47830,0.00000,1.00000,1,20.00000,23.00000,0.65035,0.00000,0.29000,0.08000
2025-02-13 21:00:00,5.51957,0.00000,1.00000,1,20.00000,23.00000,0.64000,0.00000,0.29000,0.08000
2025-02-13 21:30:00,6.37239,0.00000,1.00000,1,20.00000,23.00000,0.62965,0.00000,0.29000,0.08000
2025-02-13 22:00:00,5.98077,0.00000,1.00000,1,20.00000,23.00000,0.62000,0.00000,0.29000,0.08000
2025-02-13 22:30:00,5.28765,0.00000,1.00000,1,20.00000,23.00000,0.61172,0.00000,0.29000,0.08000
2025-02-13 23:00:00,5.01384,0.00000,1.00000,1,20.00000,23.00000,0.60536,0.00000,0.29000,0.08000
2025-02-13 23:30:00,4.23410,0.00000,1.00000,1,20.00000,23.00000,0.60136,0.00000,0.29000,0.08000
2025-02-14 00:00:00,4.16373,0.00000,1.00000,1,20.00000,23.00000,0.60000,0.00000,0.18000,0.08000
2025-02-14 00:30:00,3.95969,0.00000,1.00000,1,20.00000,23.00000,0.60136,0.00000,0.18000,0.08000
2025-02-14 01:00:00,3.33285,0.00000,1.00000,1,20.00000,23.00000,0.60536,0.00000,0.18000,0.08000
2025-02-14 01:30:00,2.95428,0.00000,1.00000,1,20.00000,23.00000,0.61172,0.00000,0.18000,0.08000
2025-02-14 02:00:00,3.22233,0.00000,1.00000,1,20.00000,23.00000,0.62000,0.00000,0.18000,0.08000
2025-02-14 02:30:00,2.05116,0.00000,1.00000,1,20.00000,23.00000,0.62965,0.00000,0.18000,0.08000
2025-02-14 03:00:00,2.47131,0.00000,1.00000,1,20.00000,23.00000,0.64000,0.00000,0.18000,0.08000
2025-02-14 03:30:00,2.18454,0.00000,1.00000,1,20.00000,23.00000,0.65035,0.00000,0.18000,0.08000
2025-02-14 04:00:00,1.79585,0.00000,1.00000,1,20.00000,23.00000,0.66000,0.00000,0.18000,0.08000
2025-02-14 04:30:00,1.08699,0.00000,1.00000,1,20.00000,23.00000,0.66828,0.00000,0.18000,0.08000
2025-02-14 05:00:00,0.60255,0.00000,1.00000,1,20.00000,23.00000,0.67464,0.00000,0.18000,0.08000
2025-02-14 05:30:00,0.85145,0.00000,1.00000,1,20.00000,23.00000,0.67864,0.00000,0.18000,0.08000
2025-02-14 06:00:00,0.93295,0.00000,1.00000,1,20.00000,23.00000,0.68000,0.00000,0.18000,0.08000
2025-02-14 06:30:00,0.25989,0.00000,1.00000,1,20.00000,23.00000,0.67864,0.00000,0.18000,0.08000
2025-02-14 07:00:00,0.92397,0.00000,0.25000,0,17.00000,25.00000,0.42464,0.00000,0.29000,0.08000
2025-02-14 07:30:00,0.38230,0.00000,0.25000,0,17.00000,25.00000,0.41828,0.00000,0.29000,0.08000
2025-02-14 08:00:00,-0.05927,0.00000,0.25000,0,17.00000,25.00000,0.41000,0.00000,0.29000,0.08000
2025-02-14 08:30:00,-0.25821,58.57462,0.25000,0,17.00000,25.00000,0.40035,0.36046,0.29000,0.08000
2025-02-14 09:00:00,-0.48697,73.16982,0.25000,0,17.00000,25.00000,0.39000,0.45028,0.29000,0.08000
2025-02-14 09:30:00,0.10872,99.16323,0.25000,0,17.00000,25.00000,0.37965,0.61024,0.29000,0.08000
2025-02-14 10:00:00,0.54446,147.49740,0.25000,0,17.00000,25.00000,0.37000,0.90768,0.29000,0.08000
2025-02-14 10:30:00,0.33642,192.51263,0.25000,0,17.00000,25.00000,0.36172,1.18469,0.29000,0.08000
2025-02-14 11:00:00,1.15043,254.44590,0.25000,0,17.00000,25.00000,0.35536,1.56582,0.29000,0.08000
2025-02-14 11:30:00,1.24088,256.80827,0.25000,0,17.00000,25.00000,0.35136,1.58036,0.29000,0.08000
2025-02-14 12:00:00,1.27945,218.07008,0.25000,0,17.00000,25.00000,0.35000,1.34197,0.29000,0.08000
2025-02-14 12:30:00,1.61273,199.63169,0.25000,0,17.00000,25.00000,0.35136,1.22850,0.29000,0.08000
2025-02-14 13:00:00,1.96485,205.15613,0.25000,0,17.00000,25.00000,0.35536,1.26250,0.29000,0.08000
2025-02-14 13:30:00,2.26366,190.52095,0.25000,0,17.00000,25.00000,0.36172,1.17244,0.29000,0.08000
2025-02-14 14:00:00,3.23447,207.86783,0.25000,0,17.00000,25.00000,0.37000,1.27919,0.29000,0.08000
2025-02-14 14:30:00,3.17838,109.02268,0.25000,0,17.00000,25.00000,0.37965,0.67091,0.29000,0.08000
2025-02-14 15:00:00,3.77178,111.38504,0.25000,0,17.00000,25.00000,0.39000,0.68545,0.29000,0.08000
2025-02-14 15:30:00,4.24686,48.90052,0.25000,0,17.00000,25.00000,0.40035,0.30093,0.29000,0.08000
2025-02-14 16:00:00,3.70477,0.00000,0.25000,0,17.00000,25.00000,0.41000,0.00000,0.42000,0.08000
2025-02-14 16:30:00,4.14852,0.00000,0.25000,0,17.00000,25.00000,0.41828,0.00000,0.42000,0.08000
2025-02-14 17:00:00,5.12170,0.00000,0.25000,0,17.00000,25.00000,0.42464,0.00000,0.42000,0.08000
2025-02-14 17:30:00,4.38663,0.00000,0.25000,0,17.00000,25.00000,0.42864,0.00000,0.42000,0.08000
2025-02-14 18:00:00,5.22218,0.00000,0.25000,0,17.00000,25.00000,0.43000,0.00000,0.42000,0.08000
2025-02-14 18:30:00,5.40017,0.00000,0.25000,0,17.00000,25.00000,0.42864,0.00000,0.42000,0.08000
2025-02-14 19:00:00,4.78618,0.00000,0.25000,0,17.00000,25.00000,0.42464,0.00000,0.29000,0.08000
2025-02-14 19:30:00,5.63603,0.00000,0.25000,0,17.00000,25.00000,0.41828,0.00000,0.29000,0.08000
2025-02-14 20:00:00,5.52736,0.00000,1.00000,1,20.00000,23.00000,0.66000,0.00000,0.29000,0.08000
2025-02-14 20:30:00,5.71697,0.00000,1.00000,1,20.00000,23.00000,0.65035,0.00000,0.29000,0.08000
2025-02-14 21:00:00,5.93179,0.00000,1.00000,1,20.00000,23.00000,0.64000,0.00000,0.29000,0.08000
2025-02-14 21:30:00,6.08220,0.00000,1.00000,1,20.00000,23.00000,0.62965,0.00000,0.29000,0.08000
2025-02-14 22:00:00,5.99277,0.00000,1.00000,1,20.00000,23.00000,0.62000,0.00000,0.29000,0.08000
2025-02-14 22:30:00,4.79837,0.00000,1.00000,1,20.00000,23.00000,0.61172,0.00000,0.29000,0.08000
2025-02-14 23:00:00,5.34240,0.00000,1.00000,1,20.00000,23.00000,0.60536,0.00000,0.29000,0.08000
2025-02-14 23:30:00,4.70427,0.00000,1.00000,1,20.00000,23.00000,0.60136,0.00000,0.29000,0.08000
2025-02-15 00:00:00,4.83092,0.00000,1.00000,1,20.00000,23.00000,0.60000,0.00000,0.18000,0.08000
2025-02-15 00:30:00,4.71982,0.00000,1.00000,1,20.00000,23.00000,0.60136,0.00000,0.18000,0.08000
2025-02-15 01:00:00,4.16430,0.00000,1.00000,1,20.00000,23.00000,0.60536,0.00000,0.18000,0.08000
2025-02-15 01:30:00,4.23596,0.00000,1.00000,1,20.00000,23.00000,0.61172,0.00000,0.18000,0.08000
2025-02-15 02:00:00,3.89448,0.00000,1.00000,1,20.00000,23.00000,0.62000,0.00000,0.18000,0.08000
2025-02-15 02:30:00,3.21766,0.00000,1.00000,1,20.00000,23.00000,0.62965,0.00000,0.18000,0.08000
2025-02-15 03:00:00,2.21769,0.00000,1.00000,1,20.00000,23.00000,0.64000,0.00000,0.18000,0.08000
2025-02-15 03:30:00,2.47491,0.00000,1.00000,1,20.00000,23.00000,0.65035,0.00000,0.18000,0.08000
2025-02-15 04:00:00,2.20005,0.00000,1.00000,1,20.00000,23.00000,0.66000,0.00000,0.18000,0.08000
2025-02-15 04:30:00,1.27468,0.00000,1.00000,1,20.00000,23.00000,0.66828,0.00000,0.18000,0.08000
2025-02-15 05:00:00,2.34937,0.00000,1.00000,1,20.00000,23.00000,0.67464,0.00000,0.18000,0.08000
2025-02-15 05:30:00,0.77624,0.00000,1.00000,1,20.00000,23.00000,0.67864,0.00000,0.18000,0.08000
2025-02-15 06:00:00,1.27859,0.00000,1.00000,1,20.00000,23.00000,0.68000,0.00000,0.18000,0.08000
2025-02-15 06:30:00,1.53627,0.00000,1.00000,1,20.00000,23.00000,0.67864,0.00000,0.18000,0.08000
2025-02-15 07:00:00,0.35777,0.00000,1.00000,1,20.00000,23.00000,0.67464,0.00000,0.29000,0.08000
2025-02-15 07:30:00,0.58784,0.00000,1.00000,1,20.00000,23.00000,0.66828,0.00000,0.29000,0.08000
2025-02-15 08:00:00,0.41246,0.00000,1.00000,1,20.00000,23.00000,0.66000,0.00000,0.29000,0.08000
2025-02-15 08:30:00,0.85949,62.42890,1.00000,1,20.00000,23.00000,0.65035,0.38418,0.29000,0.08000
2025-02-15 09:00:00,0.92583,87.51654,1.00000,1,20.00000,23.00000,0.64000,0.53856,0.29000,0.08000
2025-02-15 09:30:00,1.55151,136.18204,1.00000,1,20.00000,23.00000,0.62965,0.83804,0.29000,0.08000
2025-02-15 10:00:00,1.85845,180.48546,1.00000,1,20.00000,23.00000,0.62000,1.11068,0.29000,0.08000
2025-02-15 10:30:00,1.58054,214.09948,1.00000,1,20.00000,23.00000,0.61172,1.31754,0.29000,0.08000
2025-02-15 11:00:00,2.06917,226.28436,1.00000,1,20.00000,23.00000,0.60536,1.39252,0.29000,0.08000
2025-02-15 11:30:00,2.36554,238.79778,1.00000,1,20.00000,23.00000,0.60136,1.46952,0.29000,0.08000
2025-02-15 12:00:00,2.21983,234.72483,1.00000,1,20.00000,23.00000,0.60000,1.44446,0.29000,0.08000
2025-02-15 12:30:00,2.67678,192.02391,1.00000,1,20.00000,23.00000,0.60136,1.18169,0.29000,0.08000
2025-02-15 13:00:00,3.19810,198.83193,1.00000,1,20.00000,23.00000,0.60536,1.22358,0.29000,0.08000
2025-02-15 13:30:00,4.05619,211.25460,1.00000,1,20.00000,23.00000,0.61172,1.30003,0.29000,0.08000
2025-02-15 14:00:00,3.97824,170.97696,1.00000,1,20.00000,23.00000,0.62000,1.05217,0.29000,0.08000
2025-02-15 14:30:00,4.85597,106.62763,1.00000,1,20.00000,23.00000,0.62965,0.65617,0.29000,0.08000
2025-02-15 15:00:00,4.96319,109.76718,1.00000,1,20.00000,23.00000,0.64000,0.67549,0.29000,0.08000
2025-02-15 15:30:00,5.52074,51.00725,1.00000,1,20.00000,23.00000,0.65035,0.31389,0.29000,0.08000
2025-02-15 16:00:00,6.12026,0.00000,1.00000,1,20.00000,23.00000,0.66000,0.00000,0.42000,0.08000
2025-02-15 16:30:00,6.57047,0.00000,1.00000,1,20.00000,23.00000,0.66828,0.00000,0.42000,0.08000
2025-02-15 17:00:00,6.66804,0.00000,1.00000,1,20.00000,23.00000,0.67464,0.00000,0.42000,0.08000
2025-02-15 17:30:00,6.87244,0.00000,1.00000,1,20.00000,23.00000,0.67864,0.00000,0.42000,0.08000
2025-02-15 18:00:00,6.40150,0.00000,1.00000,1,20.00000,23.00000,0.68000,0.00000,0.42000,0.08000
2025-02-15 18:30:00,6.89957,0.00000,1.00000,1,20.00000,23.00000,0.67864,0.00000,0.42000,0.08000
2025-02-15 19:00:00,7.13313,0.00000,1.00000,1,20.00000,23.00000,0.67464,0.00000,0.29000,0.08000
2025-02-15 19:30:00,6.81061,0.00000,1.00000,1,20.00000,23.00000,0.66828,0.00000,0.29000,0.08000
2025-02-15 20:00:00,7.63365,0.00000,1.00000,1,20.00000,23.00000,0.66000,0.00000,0.29000,0.08000
2025-02-15 20:30:00,7.74448,0.00000,1.00000,1,20.00000,23.00000,0.65035,0.00000,0.29000,0.08000
2025-02-15 21:00:00,7.61368,0.00000,1.00000,1,20.00000,23.00000,0.64000,0.00000,0.29000,0.08000
2025-02-15 21:30:00,6.68558,0.00000,1.00000,1,20.00000,23.00000,0.62965,0.00000,0.29000,0.08000
2025-02-15 22:00:00,7.46919,0.00000,1.00000,1,20.00000,23.00000,0.62000,0.00000,0.29000,0.08000
2025-02-15 22:30:00,7.07626,0.00000,1.00000,1,20.00000,23.00000,0.61172,0.00000,0.29000,0.08000
2025-02-15 23:00:00,7.49798,0.00000,1.00000,1,20.00000,23.00000,0.60536,0.00000,0.29000,0.08000
2025-02-15 23:30:00,6.36160,0.00000,1.00000,1,20.00000,23.00000,0.60136,0.00000,0.29000,0.08000
2025-02-16 00:00:00,5.87045,0.00000,1.00000,1,20.00000,23.00000,0.60000,0.00000,0.18000,0.08000
2025-02-16 00:30:00,6.30866,0.00000,1.00000,1,20.00000,23.00000,0.60136,0.00000,0.18000,0.08000
2025-02-16 01:00:00,5.65999,0.00000,1.00000,1,20.00000,23.00000,0.60536,0.00000,0.18000,0.08000
2025-02-16 01:30:00,5.85807,0.00000,1.00000,1,20.00000,23.00000,0.61172,0.00000,0.18000,0.08000
2025-02-16 02:00:00,4.97320,0.00000,1.00000,1,20.00000,23.00000,0.62000,0.00000,0.18000,0.08000
2025-02-16 02:30:00,4.61185,0.00000,1.00000,1,20.00000,23.00000,0.62965,0.00000,0.18000,0.08000
2025-02-16 03:00:00,4.04143,0.00000,1.00000,1,20.00000,23.00000,0.64000,0.00000,0.18000,0.08000
2025-02-16 03:30:00,4.02792,0.00000,1.00000,1,20.00000,23.00000,0.65035,0.00000,0.18000,0.08000
2025-02-16 04:00:00,3.71233,0.00000,1.00000,1,20.00000,23.00000,0.66000,0.00000,0.18000,0.08000
2025-02-16 04:30:00,3.79462,0.00000,1.00000,1,20.00000,23.00000,0.66828,0.00000,0.18000,0.08000
2025-02-16 05:00:00,2.88742,0.00000,1.00000,1,20.00000,23.00000,0.67464,0.00000,0.18000,0.08000
2025-02-16 05:30:00,2.82322,0.00000,1.00000,1,20.00000,23.00000,0.67864,0.00000,0.18000,0.08000
2025-02-16 06:00:00,2.54270,0.00000,1.00000,1,20.00000,23.00000,0.68000,0.00000,0.18000,0.08000
2025-02-16 06:30:00,2.38115,0.00000,1.00000,1,20.00000,23.00000,0.67864,0.00000,0.18000,0.08000
2025-02-16 07:00:00,2.85043,0.00000,1.00000,1,20.00000,23.00000,0.67464,0.00000,0.29000,0.08000
2025-02-16 07:30:00,2.82026,0.00000,1.00000,1,20.00000,23.00000,0.66828,0.00000,0.29000,0.08000
2025-02-16 08:00:00,3.04790,0.00000,1.00000,1,20.00000,23.00000,0.66000,0.00000,0.29000,0.08000
2025-02-16 08:30:00,2.51893,34.00564,1.00000,1,20.00000,23.00000,0.65035,0.20927,0.29000,0.08000
2025-02-16 09:00:00,2.93717,68.63891,1.00000,1,20.00000,23.00000,0.64000,0.42239,0.29000,0.08000
2025-02-16 09:30:00,3.67144,44.18953,1.00000,1,20.00000,23.00000,0.62965,0.27194,0.29000,0.08000
2025-02-16 10:00:00,3.53108,135.20344,1.00000,1,20.00000,23.00000,0.62000,0.83202,0.29000,0.08000
2025-02-16 10:30:00,3.54934,148.62519,1.00000,1,20.00000,23.00000,0.61172,0.91462,0.29000,0.08000
2025-02-16 11:00:00,3.64702,171.77876,1.00000,1,20.00000,23.00000,0.60536,1.05710,0.29000,0.08000
2025-02-16 11:30:00,4.51943,86.46302,1.00000,1,20.00000,23.00000,0.60136,0.53208,0.29000,0.08000
2025-02-16 12:00:00,4.45017,180.10445,1.00000,1,20.00000,23.00000,0.60000,1.10834,0.29000,0.08000
2025-02-16 12:30:00,5.34340,114.59476,1.00000,1,20.00000,23.00000,0.60136,0.70520,0.29000,0.08000
2025-02-16 13:00:00,5.60082,128.02509,1.00000,1,20.00000,23.00000,0.60536,0.78785,0.29000,0.08000
2025-02-16 13:30:00,6.33691,75.07958,1.00000,1,20.00000,23.00000,0.61172,0.46203,0.29000,0.08000
2025-02-16 14:00:00,6.28753,68.47686,1.00000,1,20.00000,23.00000,0.62000,0.42140,0.29000,0.08000
2025-02-16 14:30:00,6.28659,80.07870,1.00000,1,20.00000,23.00000,0.62965,0.49279,0.29000,0.08000
2025-02-16 15:00:00,7.15731,60.36433,1.00000,1,20.00000,23.00000,0.64000,0.37147,0.29000,0.08000
2025-02-16 15:30:00,7.29507,32.09953,1.00000,1,20.00000,23.00000,0.65035,0.19754,0.29000,0.08000
2025-02-16 16:00:00,7.27348,0.00000,1.00000,1,20.00000,23.00000,0.66000,0.00000,0.42000,0.08000
2025-02-16 16:30:00,7.89639,0.00000,1.00000,1,20.00000,23.00000,0.66828,0.00000,0.42000,0.08000
2025-02-16 17:00:00,8.35323,0.00000,1.00000,1,20.00000,23.00000,0.67464,0.00000,0.42000,0.08000
2025-02-16 17:30:00,9.11878,0.00000,1.00000,1,20.00000,23.00000,0.67864,0.00000,0.42000,0.08000
2025-02-16 18:00:00,9.34164,0.00000,1.00000,1,20.00000,23.00000,0.68000,0.00000,0.42000,0.08000
2025-02-16 18:30:00,9.47501,0.00000,1.00000,1,20.00000,23.00000,0.67864,0.00000,0.42000,0.08000
2025-02-16 19:00:00,9.90914,0.00000,1.00000,1,20.00000,23.00000,0.67464,0.00000,0.29000,0.08000
2025-02-16 19:30:00,9.68140,0.00000,1.00000,1,20.00000,23.00000,0.66828,0.00000,0.29000,0.08000
2025-02-16 20:00:00,9.00093,0.00000,1.00000,1,20.00000,23.00000,0.66000,0.00000,0.29000,0.08000
2025-02-16 20:30:00,9.77460,0.00000,1.00000,1,20.00000,23.00000,0.65035,0.00000,0.29000,0.08000
2025-02-16 21:00:00,8.89176,0.00000,1.00000,1,20.00000,23.00000,0.64000,0.00000,0.29000,0.08000
2025-02-16 21:30:00,9.31846,0.00000,1.00000,1,20.00000,23.00000,0.62965,0.00000,0.29000,0.08000
2025-02-16 22:00:00,8.92207,0.00000,1.00000,1,20.00000,23.00000,0.62000,0.00000,0.29000,0.08000
2025-02-16 22:30:00,9.53006,0.00000,1.00000,1,20.00000,23.00000,0.61172,0.00000,0.29000,0.08000
2025-02-16 23:00:00,8.70574,0.00000,1.00000,1,20.00000,23.00000,0.60536,0.00000,0.29000,0.08000
2025-02-16 23:30:00,8.61445,0.00000,1.00000,1,20.00000,23.00000,0.60136,0.00000,0.29000,0.08000
