timestamp,electricity_kwh
2016-04-01 00:00:00,261.830000
2016-04-01 01:00:00,257.770000
2016-04-01 02:00:00,263.840000
2016-04-01 03:00:00,353.130000
2016-04-01 04:00:00,338.700000
2016-04-01 05:00:00,343.840000
2016-04-01 06:00:00,343.790000
2016-04-01 07:00:00,328.060000
2016-04-01 08:00:00,354.090000
2016-04-01 09:00:00,352.040000
2016-04-01 10:00:00,357.150000
2016-04-01 11:00:00,376.880000
2016-04-01 12:00:00,389.690000
2016-04-01 13:00:00,402.690000
2016-04-01 14:00:00,417.670000
2016-04-01 15:00:00,425.450000
2016-04-01 16:00:00,402.250000
2016-04-01 17:00:00,388.960000
2016-04-01 18:00:00,381.550000
2016-04-01 19:00:00,387.340000
2016-04-01 20:00:00,388.650000
2016-04-01 21:00:00,265.160000
2016-04-01 22:00:00,253.070000
2016-04-01 23:00:00,250.220000
2016-04-02 00:00:00,237.460000
2016-04-02 01:00:00,233.980000
2016-04-02 02:00:00,234.190000
2016-04-02 03:00:00,233.710000
2016-04-02 04:00:00,232.800000
2016-04-02 05:00:00,216.300000
2016-04-02 06:00:00,213.150000
2016-04-02 07:00:00,278.530000
2016-04-02 08:00:00,267.520000
2016-04-02 09:00:00,263.630000
2016-04-02 10:00:00,256.010000
2016-04-02 11:00:00,273.230000
2016-04-02 12:00:00,310.720000
2016-04-02 13:00:00,311.710000
2016-04-02 14:00:00,315.850000
2016-04-02 15:00:00,317.730000
2016-04-02 16:00:00,312.400000
2016-04-02 17:00:00,307.420000
2016-04-02 18:00:00,298.560000
2016-04-02 19:00:00,210.220000
2016-04-02 20:00:00,212.070000
2016-04-02 21:00:00,208.050000
2016-04-02 22:00:00,211.390000
2016-04-02 23:00:00,201.350000
2016-04-03 00:00:00,202.230000
2016-04-03 01:00:00,203.470000
2016-04-03 02:00:00,204.080000
2016-04-03 03:00:00,190.710000
2016-04-03 04:00:00,194.840000
2016-04-03 05:00:00,196.900000
2016-04-03 06:00:00,193.510000
2016-04-03 07:00:00,185.240000
2016-04-03 08:00:00,184.260000
2016-04-03 09:00:00,186.020000
2016-04-03 10:00:00,268.960000
2016-04-03 11:00:00,277.790000
2016-04-03 12:00:00,272.490000
2016-04-03 13:00:00,271.710000
2016-04-03 14:00:00,274.810000
2016-04-03 15:00:00,279.050000
2016-04-03 16:00:00,262.540000
2016-04-03 17:00:00,270.340000
2016-04-03 18:00:00,268.310000
2016-04-03 19:00:00,257.520000
2016-04-03 20:00:00,255.760000
2016-04-03 21:00:00,224.290000
2016-04-03 22:00:00,205.150000
2016-04-03 23:00:00,205.370000
2016-04-04 00:00:00,204.500000
2016-04-04 01:00:00,205.060000
2016-04-04 02:00:00,205.140000
2016-04-04 03:00:00,310.720000
2016-04-04 04:00:00,288.560000
2016-04-04 05:00:00,277.510000
2016-04-04 06:00:00,292.730000
2016-04-04 07:00:00,336.990000
2016-04-04 08:00:00,443.200000
2016-04-04 09:00:00,465.560000
2016-04-04 10:00:00,518.420000
2016-04-04 11:00:00,524.760000
2016-04-04 12:00:00,513.850000
2016-04-04 13:00:00,498.910000
2016-04-04 14:00:00,521.220000
2016-04-04 15:00:00,528.050000
2016-04-04 16:00:00,489.230000
2016-04-04 17:00:00,437.590000
2016-04-04 18:00:00,412.780000
2016-04-04 19:00:00,396.760000
2016-04-04 20:00:00,377.340000
2016-04-04 21:00:00,245.820000
2016-04-04 22:00:00,209.700000
2016-04-04 23:00:00,211.650000
2016-04-05 00:00:00,206.070000
2016-04-05 01:00:00,210.980000
2016-04-05 02:00:00,209.120000
2016-04-05 03:00:00,339.120000
2016-04-05 04:00:00,343.390000
2016-04-05 05:00:00,353.370000
2016-04-05 06:00:00,343.990000
2016-04-05 07:00:00,414.560000
2016-04-05 08:00:00,456.870000
2016-04-05 09:00:00,456.030000
2016-04-05 10:00:00,451.000000
2016-04-05 11:00:00,471.750000
2016-04-05 12:00:00,472.680000
2016-04-05 13:00:00,431.660000
2016-04-05 14:00:00,444.190000
2016-04-05 15:00:00,416.310000
2016-04-05 16:00:00,362.430000
2016-04-05 17:00:00,353.890000
2016-04-05 18:00:00,333.760000
2016-04-05 19:00:00,324.430000
2016-04-05 20:00:00,336.070000
2016-04-05 21:00:00,271.260000
2016-04-05 22:00:00,220.200000
2016-04-05 23:00:00,210.310000
2016-04-06 00:00:00,211.550000
2016-04-06 01:00:00,215.390000
2016-04-06 02:00:00,213.030000
2016-04-06 03:00:00,302.090000
2016-04-06 04:00:00,299.900000
2016-04-06 05:00:00,305.620000
2016-04-06 06:00:00,335.210000
2016-04-06 07:00:00,365.550000
2016-04-06 08:00:00,432.790000
2016-04-06 09:00:00,401.170000
2016-04-06 10:00:00,386.380000
2016-04-06 11:00:00,388.870000
2016-04-06 12:00:00,379.040000
2016-04-06 13:00:00,364.430000
2016-04-06 14:00:00,370.740000
2016-04-06 15:00:00,367.290000
2016-04-06 16:00:00,330.930000
2016-04-06 17:00:00,340.950000
2016-04-06 18:00:00,321.360000
2016-04-06 19:00:00,305.680000
2016-04-06 20:00:00,295.350000
2016-04-06 21:00:00,232.610000
2016-04-06 22:00:00,221.580000
2016-04-06 23:00:00,216.940000
2016-04-07 00:00:00,218.230000
2016-04-07 01:00:00,229.290000
2016-04-07 02:00:00,221.340000
2016-04-07 03:00:00,290.360000
2016-04-07 04:00:00,283.370000
2016-04-07 05:00:00,277.880000
2016-04-07 06:00:00,279.200000
2016-04-07 07:00:00,352.510000
2016-04-07 08:00:00,425.460000
2016-04-07 09:00:00,438.650000
2016-04-07 10:00:00,430.410000
2016-04-07 11:00:00,426.170000
2016-04-07 12:00:00,429.790000
2016-04-07 13:00:00,453.850000
2016-04-07 14:00:00,475.030000
2016-04-07 15:00:00,494.380000
2016-04-07 16:00:00,451.130000
2016-04-07 17:00:00,372.740000
2016-04-07 18:00:00,354.580000
2016-04-07 19:00:00,326.190000
2016-04-07 20:00:00,319.690000
2016-04-07 21:00:00,258.400000
2016-04-07 22:00:00,229.630000
2016-04-07 23:00:00,225.270000
2016-04-08 00:00:00,214.750000
2016-04-08 01:00:00,223.320000
2016-04-08 02:00:00,223.600000
2016-04-08 03:00:00,352.060000
2016-04-08 04:00:00,336.480000
2016-04-08 05:00:00,334.170000
2016-04-08 06:00:00,309.950000
2016-04-08 07:00:00,295.460000
2016-04-08 08:00:00,413.260000
2016-04-08 09:00:00,393.730000
2016-04-08 10:00:00,409.360000
2016-04-08 11:00:00,397.950000
2016-04-08 12:00:00,387.330000
2016-04-08 13:00:00,361.710000
2016-04-08 14:00:00,365.510000
2016-04-08 15:00:00,379.660000
2016-04-08 16:00:00,372.310000
2016-04-08 17:00:00,348.540000
2016-04-08 18:00:00,336.800000
2016-04-08 19:00:00,323.710000
2016-04-08 20:00:00,317.940000
2016-04-08 21:00:00,252.850000
2016-04-08 22:00:00,222.970000
2016-04-08 23:00:00,217.470000
2016-04-09 00:00:00,219.640000
2016-04-09 01:00:00,221.760000
2016-04-09 02:00:00,222.680000
2016-04-09 03:00:00,219.840000
2016-04-09 04:00:00,215.900000
2016-04-09 05:00:00,214.680000
2016-04-09 06:00:00,204.360000
2016-04-09 07:00:00,341.450000
2016-04-09 08:00:00,307.310000
2016-04-09 09:00:00,283.950000
2016-04-09 10:00:00,296.480000
2016-04-09 11:00:00,302.830000
2016-04-09 12:00:00,284.030000
2016-04-09 13:00:00,285.700000
2016-04-09 14:00:00,278.600000
2016-04-09 15:00:00,288.530000
2016-04-09 16:00:00,278.870000
2016-04-09 17:00:00,288.280000
2016-04-09 18:00:00,293.550000
2016-04-09 19:00:00,209.470000
2016-04-09 20:00:00,219.340000
2016-04-09 21:00:00,213.540000
2016-04-09 22:00:00,214.810000
2016-04-09 23:00:00,215.570000
2016-04-10 00:00:00,216.710000
2016-04-10 01:00:00,217.240000
2016-04-10 02:00:00,217.940000
2016-04-10 03:00:00,217.060000
2016-04-10 04:00:00,222.900000
2016-04-10 05:00:00,225.410000
2016-04-10 06:00:00,223.540000
2016-04-10 07:00:00,218.100000
2016-04-10 08:00:00,218.040000
2016-04-10 09:00:00,220.420000
2016-04-10 10:00:00,298.170000
2016-04-10 11:00:00,280.750000
2016-04-10 12:00:00,272.570000
2016-04-10 13:00:00,264.010000
2016-04-10 14:00:00,268.160000
2016-04-10 15:00:00,250.640000
2016-04-10 16:00:00,250.280000
2016-04-10 17:00:00,244.600000
2016-04-10 18:00:00,244.000000
2016-04-10 19:00:00,253.600000
2016-04-10 20:00:00,261.920000
2016-04-10 21:00:00,230.040000
2016-04-10 22:00:00,226.150000
2016-04-10 23:00:00,225.960000
2016-04-11 00:00:00,221.570000
2016-04-11 01:00:00,224.400000
2016-04-11 02:00:00,225.800000
2016-04-11 03:00:00,338.540000
2016-04-11 04:00:00,301.510000
2016-04-11 05:00:00,292.700000
2016-04-11 06:00:00,323.510000
2016-04-11 07:00:00,357.270000
2016-04-11 08:00:00,
2016-04-11 09:00:00,
2016-04-11 10:00:00,
2016-04-11 11:00:00,
2016-04-11 12:00:00,
2016-04-11 13:00:00,
2016-04-11 14:00:00,477.360000
2016-04-11 15:00:00,500.060000
2016-04-11 16:00:00,496.260000
2016-04-11 17:00:00,484.600000
2016-04-11 18:00:00,
2016-04-11 19:00:00,438.170000
2016-04-11 20:00:00,417.470000
2016-04-11 21:00:00,260.960000
2016-04-11 22:00:00,264.120000
2016-04-11 23:00:00,256.960000
2016-04-12 00:00:00,
2016-04-12 01:00:00,
2016-04-12 02:00:00,
2016-04-12 03:00:00,
2016-04-12 04:00:00,
2016-04-12 05:00:00,
2016-04-12 06:00:00,
2016-04-12 07:00:00,
2016-04-12 08:00:00,
2016-04-12 09:00:00,
2016-04-12 10:00:00,
2016-04-12 11:00:00,
2016-04-12 12:00:00,
2016-04-12 13:00:00,
2016-04-12 14:00:00,
2016-04-12 15:00:00,
2016-04-12 16:00:00,
2016-04-12 17:00:00,
2016-04-12 18:00:00,
2016-04-12 19:00:00,
2016-04-12 20:00:00,
2016-04-12 21:00:00,
2016-04-12 22:00:00,
2016-04-12 23:00:00,
2016-04-13 00:00:00,226.760000
2016-04-13 01:00:00,228.100000
2016-04-13 02:00:00,229.280000
2016-04-13 03:00:00,345.550000
2016-04-13 04:00:00,333.260000
2016-04-13 05:00:00,336.910000
2016-04-13 06:00:00,317.450000
2016-04-13 07:00:00,341.600000
2016-04-13 08:00:00,416.390000
2016-04-13 09:00:00,397.810000
2016-04-13 10:00:00,450.200000
2016-04-13 11:00:00,456.720000
2016-04-13 12:00:00,475.820000
2016-04-13 13:00:00,430.400000
2016-04-13 15:00:00,467.400000
2016-04-13 16:00:00,452.660000
2016-04-13 17:00:00,456.670000
2016-04-13 18:00:00,407.590000
2016-04-13 19:00:00,366.940000
2016-04-13 20:00:00,340.670000
2016-04-13 21:00:00,250.100000
2016-04-13 22:00:00,220.150000
2016-04-13 23:00:00,218.280000
2016-04-14 00:00:00,
2016-04-14 01:00:00,
2016-04-14 02:00:00,
2016-04-14 03:00:00,
2016-04-14 04:00:00,
2016-04-14 05:00:00,
2016-04-14 06:00:00,
2016-04-14 07:00:00,
2016-04-14 08:00:00,
2016-04-14 09:00:00,
2016-04-14 10:00:00,
2016-04-14 11:00:00,
2016-04-14 12:00:00,
2016-04-14 13:00:00,
2016-04-14 14:00:00,
2016-04-14 15:00:00,
2016-04-14 16:00:00,
2016-04-14 17:00:00,
2016-04-14 18:00:00,
2016-04-14 19:00:00,
2016-04-14 20:00:00,
2016-04-14 21:00:00,
2016-04-14 22:00:00,
2016-04-14 23:00:00,
2016-04-15 00:00:00,219.380000
2016-04-15 01:00:00,220.380000
2016-04-15 02:00:00,220.530000
2016-04-15 03:00:00,335.880000
2016-04-15 04:00:00,315.350000
2016-04-15 05:00:00,314.710000
2016-04-15 06:00:00,312.160000
2016-04-15 07:00:00,310.820000
2016-04-15 14:00:00,389.390000
2016-04-15 15:00:00,386.440000
2016-04-15 16:00:00,401.170000
2016-04-15 17:00:00,402.210000
2016-04-15 18:00:00,
2016-04-15 19:00:00,377.080000
2016-04-15 20:00:00,355.360000
2016-04-15 21:00:00,264.070000
2016-04-15 22:00:00,243.460000
2016-04-15 23:00:00,233.410000
2016-04-17 00:00:00,238.160000
2016-04-17 01:00:00,221.760000
2016-04-17 02:00:00,220.410000
2016-04-17 03:00:00,220.030000
2016-04-17 04:00:00,219.130000
2016-04-17 05:00:00,217.190000
2016-04-17 06:00:00,208.330000
2016-04-17 07:00:00,206.370000
2016-04-17 08:00:00,
2016-04-17 09:00:00,
2016-04-17 10:00:00,
2016-04-17 11:00:00,
2016-04-17 12:00:00,
2016-04-17 13:00:00,
2016-04-17 14:00:00,386.940000
2016-04-17 15:00:00,389.360000
2016-04-17 16:00:00,395.070000
2016-04-17 17:00:00,397.340000
2016-04-17 18:00:00,392.240000
2016-04-17 19:00:00,389.420000
2016-04-17 20:00:00,382.570000
2016-04-17 21:00:00,272.490000
2016-04-17 22:00:00,261.840000
2016-04-17 23:00:00,252.680000
2016-04-18 00:00:00,251.110000
2016-04-18 01:00:00,239.100000
2016-04-18 02:00:00,226.900000
2016-04-18 03:00:00,362.510000
2016-04-18 04:00:00,368.900000
2016-04-18 05:00:00,362.600000
2016-04-18 06:00:00,329.890000
2016-04-18 07:00:00,363.960000
2016-04-18 08:00:00,468.550000
2016-04-18 09:00:00,485.250000
2016-04-18 10:00:00,546.990000
2016-04-18 11:00:00,573.720000
2016-04-18 12:00:00,538.820000
2016-04-18 13:00:00,508.860000
2016-04-18 14:00:00,530.530000
2016-04-18 15:00:00,493.740000
2016-04-18 16:00:00,526.490000
2016-04-18 17:00:00,529.810000
2016-04-18 18:00:00,530.300000
2016-04-18 19:00:00,497.940000
2016-04-18 20:00:00,450.520000
2016-04-18 21:00:00,259.200000
2016-04-18 22:00:00,248.710000
2016-04-18 23:00:00,233.830000
2016-04-19 00:00:00,231.500000
2016-04-19 01:00:00,231.260000
2016-04-19 02:00:00,223.860000
2016-04-19 03:00:00,352.830000
2016-04-19 04:00:00,338.970000
2016-04-19 05:00:00,326.430000
2016-04-19 06:00:00,313.190000
2016-04-19 07:00:00,337.390000
2016-04-19 08:00:00,477.100000
2016-04-19 09:00:00,515.880000
2016-04-19 10:00:00,546.180000
2016-04-19 11:00:00,562.150000
2016-04-19 12:00:00,547.180000
2016-04-19 13:00:00,505.280000
2016-04-19 14:00:00,538.350000
2016-04-19 15:00:00,519.460000
2016-04-19 16:00:00,541.380000
2016-04-19 17:00:00,483.950000
2016-04-19 18:00:00,434.660000
2016-04-19 19:00:00,393.770000
2016-04-19 20:00:00,369.770000
2016-04-19 21:00:00,249.910000
2016-04-19 22:00:00,229.280000
2016-04-19 23:00:00,229.520000
2016-04-20 00:00:00,220.990000
2016-04-20 01:00:00,205.460000
2016-04-20 02:00:00,203.360000
2016-04-20 03:00:00,290.050000
2016-04-20 04:00:00,297.480000
2016-04-20 05:00:00,292.070000
2016-04-20 06:00:00,256.150000
2016-04-20 07:00:00,303.290000
2016-04-20 08:00:00,400.610000
2016-04-20 09:00:00,463.480000
2016-04-20 10:00:00,451.040000
2016-04-20 11:00:00,431.750000
2016-04-20 12:00:00,411.420000
2016-04-20 13:00:00,425.000000
2016-04-20 14:00:00,449.520000
2016-04-20 15:00:00,461.910000
2016-04-20 16:00:00,464.900000
2016-04-20 17:00:00,437.000000
2016-04-20 18:00:00,414.650000
2016-04-20 19:00:00,380.660000
2016-04-20 20:00:00,363.630000
2016-04-20 21:00:00,251.530000
2016-04-20 22:00:00,230.370000
2016-04-20 23:00:00,210.690000
2016-04-21 00:00:00,208.220000
2016-04-21 01:00:00,205.130000
2016-04-21 02:00:00,190.880000
2016-04-21 03:00:00,300.790000
2016-04-21 04:00:00,296.290000
2016-04-21 05:00:00,294.280000
2016-04-21 06:00:00,258.190000
2016-04-21 07:00:00,305.750000
2016-04-21 08:00:00,380.130000
2016-04-21 09:00:00,487.830000
2016-04-21 10:00:00,470.220000
2016-04-21 11:00:00,423.190000
2016-04-21 12:00:00,458.400000
2016-04-21 13:00:00,411.710000
2016-04-21 14:00:00,446.580000
2016-04-21 15:00:00,475.290000
2016-04-21 16:00:00,479.130000
2016-04-21 17:00:00,472.260000
2016-04-21 18:00:00,433.600000
2016-04-21 19:00:00,417.890000
2016-04-21 20:00:00,411.290000
2016-04-21 21:00:00,265.610000
2016-04-21 22:00:00,257.730000
2016-04-21 23:00:00,241.470000
2016-04-22 00:00:00,240.630000
2016-04-22 01:00:00,242.130000
2016-04-22 02:00:00,241.520000
2016-04-22 03:00:00,353.040000
2016-04-22 04:00:00,352.270000
2016-04-22 05:00:00,349.810000
2016-04-22 06:00:00,352.870000
2016-04-22 07:00:00,394.300000
2016-04-22 08:00:00,482.070000
2016-04-22 09:00:00,419.550000
2016-04-22 10:00:00,494.290000
2016-04-22 11:00:00,504.540000
2016-04-22 12:00:00,494.270000
2016-04-22 13:00:00,473.140000
2016-04-22 14:00:00,466.100000
2016-04-22 15:00:00,511.920000
2016-04-22 16:00:00,493.680000
2016-04-22 17:00:00,431.620000
2016-04-22 18:00:00,417.530000
2016-04-22 19:00:00,339.270000
2016-04-22 20:00:00,327.110000
2016-04-22 21:00:00,249.240000
2016-04-22 22:00:00,195.430000
2016-04-22 23:00:00,191.870000
2016-04-23 00:00:00,191.850000
2016-04-23 01:00:00,191.710000
2016-04-23 02:00:00,192.820000
2016-04-23 03:00:00,191.570000
2016-04-23 04:00:00,190.780000
2016-04-23 05:00:00,177.120000
2016-04-23 06:00:00,164.370000
2016-04-23 07:00:00,252.700000
2016-04-23 08:00:00,279.990000
2016-04-23 09:00:00,271.550000
2016-04-23 10:00:00,267.680000
2016-04-23 11:00:00,276.610000
2016-04-23 12:00:00,275.930000
2016-04-23 13:00:00,288.090000
2016-04-23 14:00:00,287.080000
2016-04-23 15:00:00,289.500000
2016-04-23 16:00:00,303.810000
2016-04-23 17:00:00,305.000000
2016-04-23 18:00:00,287.650000
2016-04-23 19:00:00,181.510000
2016-04-23 20:00:00,177.470000
2016-04-23 21:00:00,170.320000
2016-04-23 22:00:00,173.300000
2016-04-23 23:00:00,173.770000
2016-04-24 00:00:00,174.020000
2016-04-24 01:00:00,172.520000
2016-04-24 02:00:00,174.290000
2016-04-24 03:00:00,173.770000
2016-04-24 04:00:00,176.410000
2016-04-24 05:00:00,170.260000
2016-04-24 06:00:00,162.670000
2016-04-24 07:00:00,162.890000
2016-04-24 08:00:00,161.650000
2016-04-24 09:00:00,158.360000
2016-04-24 10:00:00,227.560000
2016-04-24 11:00:00,238.610000
2016-04-24 12:00:00,239.710000
2016-04-24 13:00:00,253.400000
2016-04-24 14:00:00,252.720000
2016-04-24 15:00:00,260.620000
2016-04-24 16:00:00,258.710000
2016-04-24 17:00:00,252.330000
2016-04-24 18:00:00,244.680000
2016-04-24 19:00:00,244.730000
2016-04-24 20:00:00,246.140000
2016-04-24 21:00:00,201.460000
2016-04-24 22:00:00,172.080000
2016-04-24 23:00:00,173.390000
2016-04-25 00:00:00,172.710000
2016-04-25 01:00:00,172.870000
2016-04-25 02:00:00,173.420000
2016-04-25 03:00:00,261.320000
2016-04-25 04:00:00,263.820000
2016-04-25 05:00:00,270.460000
2016-04-25 06:00:00,272.960000
2016-04-25 07:00:00,382.160000
2016-04-25 08:00:00,431.500000
2016-04-25 09:00:00,446.130000
2016-04-25 10:00:00,460.570000
2016-04-25 11:00:00,429.530000
2016-04-25 12:00:00,455.440000
2016-04-25 13:00:00,491.110000
2016-04-25 14:00:00,503.230000
2016-04-25 15:00:00,503.440000
2016-04-25 16:00:00,472.320000
2016-04-25 17:00:00,444.410000
2016-04-25 18:00:00,421.950000
2016-04-25 19:00:00,407.130000
2016-04-25 20:00:00,397.350000
2016-04-25 21:00:00,192.340000
2016-04-25 22:00:00,181.780000
2016-04-25 23:00:00,178.970000
2016-04-26 00:00:00,178.970000
2016-04-26 01:00:00,183.290000
2016-04-26 02:00:00,180.530000
2016-04-26 03:00:00,353.230000
2016-04-26 04:00:00,360.610000
2016-04-26 05:00:00,363.150000
2016-04-26 06:00:00,323.790000
2016-04-26 07:00:00,370.780000
2016-04-26 08:00:00,504.090000
2016-04-26 09:00:00,545.090000
2016-04-26 10:00:00,592.710000
2016-04-26 11:00:00,670.740000
2016-04-26 12:00:00,669.130000
2016-04-26 13:00:00,673.630000
2016-04-26 14:00:00,698.650000
2016-04-26 15:00:00,688.890000
2016-04-26 16:00:00,673.410000
2016-04-26 17:00:00,615.990000
2016-04-26 18:00:00,574.950000
2016-04-26 19:00:00,495.990000
2016-04-26 20:00:00,476.120000
2016-04-26 21:00:00,297.390000
2016-04-26 22:00:00,205.760000
2016-04-26 23:00:00,202.400000
2016-04-27 00:00:00,202.980000
2016-04-27 01:00:00,199.070000
2016-04-27 02:00:00,192.270000
2016-04-27 03:00:00,376.030000
2016-04-27 04:00:00,343.690000
2016-04-27 05:00:00,340.490000
2016-04-27 06:00:00,329.280000
2016-04-27 07:00:00,366.390000
2016-04-27 08:00:00,484.820000
2016-04-27 09:00:00,472.680000
2016-04-27 10:00:00,493.970000
2016-04-27 11:00:00,493.870000
2016-04-27 12:00:00,455.790000
2016-04-27 13:00:00,445.630000
2016-04-27 14:00:00,455.010000
2016-04-27 15:00:00,448.450000
2016-04-27 16:00:00,411.440000
2016-04-27 17:00:00,377.860000
2016-04-27 18:00:00,353.540000
2016-04-27 19:00:00,323.340000
2016-04-27 20:00:00,313.030000
2016-04-27 21:00:00,220.900000
2016-04-27 22:00:00,172.750000
2016-04-27 23:00:00,167.520000
2016-04-28 00:00:00,166.800000
2016-04-28 01:00:00,168.360000
2016-04-28 02:00:00,171.090000
2016-04-28 03:00:00,278.970000
2016-04-28 04:00:00,269.460000
2016-04-28 05:00:00,262.680000
2016-04-28 06:00:00,268.260000
2016-04-28 07:00:00,311.790000
2016-04-28 08:00:00,425.340000
2016-04-28 09:00:00,438.320000
2016-04-28 10:00:00,442.770000
2016-04-28 11:00:00,411.350000
2016-04-28 12:00:00,421.150000
2016-04-28 13:00:00,420.440000
2016-04-28 14:00:00,434.560000
2016-04-28 15:00:00,426.960000
2016-04-28 16:00:00,364.810000
2016-04-28 17:00:00,324.530000
2016-04-28 18:00:00,285.400000
2016-04-28 19:00:00,259.500000
2016-04-28 20:00:00,257.840000
2016-04-28 21:00:00,199.510000
2016-04-28 22:00:00,176.270000
2016-04-28 23:00:00,172.250000
2016-04-29 00:00:00,176.000000
2016-04-29 01:00:00,171.650000
2016-04-29 02:00:00,172.850000
2016-04-29 03:00:00,222.930000
2016-04-29 04:00:00,222.380000
2016-04-29 05:00:00,220.910000
2016-04-29 06:00:00,217.000000
2016-04-29 07:00:00,278.480000
2016-04-29 08:00:00,355.160000
2016-04-29 09:00:00,374.910000
2016-04-29 10:00:00,416.870000
2016-04-29 11:00:00,380.470000
2016-04-29 12:00:00,373.650000
2016-04-29 13:00:00,370.390000
2016-04-29 14:00:00,380.570000
2016-04-29 15:00:00,374.480000
2016-04-29 16:00:00,347.070000
2016-04-29 17:00:00,310.770000
2016-04-29 18:00:00,301.420000
2016-04-29 19:00:00,290.610000
2016-04-29 20:00:00,269.750000
2016-04-29 21:00:00,194.210000
2016-04-29 22:00:00,169.780000
2016-04-29 23:00:00,173.040000
2016-04-30 00:00:00,174.790000
2016-04-30 01:00:00,168.880000
2016-04-30 02:00:00,170.410000
2016-04-30 03:00:00,169.770000
2016-04-30 04:00:00,168.580000
2016-04-30 05:00:00,167.570000
2016-04-30 06:00:00,162.880000
2016-04-30 07:00:00,250.620000
2016-04-30 08:00:00,251.470000
2016-04-30 09:00:00,270.670000
2016-04-30 10:00:00,269.610000
2016-04-30 11:00:00,259.230000
2016-04-30 12:00:00,247.290000
2016-04-30 13:00:00,239.310000
2016-04-30 14:00:00,238.960000
2016-04-30 15:00:00,244.300000
2016-04-30 16:00:00,233.690000
2016-04-30 17:00:00,234.050000
2016-04-30 18:00:00,237.620000
2016-04-30 19:00:00,166.170000
2016-04-30 20:00:00,164.310000
2016-04-30 21:00:00,163.100000
2016-04-30 22:00:00,165.720000
2016-04-30 23:00:00,166.750000
2016-05-01 00:00:00,166.890000
2016-05-01 01:00:00,169.000000
2016-05-01 02:00:00,170.820000
2016-05-01 03:00:00,168.330000
2016-05-01 04:00:00,173.360000
2016-05-01 05:00:00,170.220000
2016-05-01 06:00:00,163.480000
2016-05-01 07:00:00,165.350000
2016-05-01 08:00:00,164.150000
2016-05-01 09:00:00,163.750000
2016-05-01 10:00:00,200.690000
2016-05-01 11:00:00,202.080000
2016-05-01 12:00:00,204.310000
2016-05-01 13:00:00,200.400000
2016-05-01 14:00:00,223.450000
2016-05-01 15:00:00,221.050000
2016-05-01 16:00:00,204.390000
2016-05-01 17:00:00,206.750000
2016-05-01 18:00:00,203.390000
2016-05-01 19:00:00,209.050000
2016-05-01 20:00:00,216.680000
2016-05-01 21:00:00,175.440000
2016-05-01 22:00:00,169.900000
2016-05-01 23:00:00,169.620000
2016-05-02 00:00:00,169.930000
2016-05-02 01:00:00,167.800000
2016-05-02 02:00:00,167.760000
2016-05-02 03:00:00,230.970000
2016-05-02 04:00:00,229.590000
2016-05-02 05:00:00,232.440000
2016-05-02 06:00:00,254.030000
2016-05-02 07:00:00,324.650000
2016-05-02 08:00:00,395.860000
2016-05-02 09:00:00,444.750000
2016-05-02 10:00:00,476.300000
2016-05-02 11:00:00,510.530000
2016-05-02 12:00:00,553.470000
2016-05-02 13:00:00,568.710000
2016-05-02 14:00:00,576.810000
2016-05-02 15:00:00,569.140000
2016-05-02 16:00:00,557.110000
2016-05-02 17:00:00,543.330000
2016-05-02 18:00:00,533.990000
2016-05-02 19:00:00,492.000000
2016-05-02 20:00:00,465.540000
2016-05-02 21:00:00,256.110000
2016-05-02 22:00:00,231.910000
2016-05-02 23:00:00,227.370000
2016-05-03 00:00:00,229.080000
2016-05-03 01:00:00,225.720000
2016-05-03 02:00:00,226.460000
2016-05-03 03:00:00,394.270000
2016-05-03 04:00:00,414.620000
2016-05-03 05:00:00,412.800000
2016-05-03 06:00:00,394.080000
2016-05-03 07:00:00,428.200000
2016-05-03 08:00:00,553.130000
2016-05-03 09:00:00,523.660000
2016-05-03 10:00:00,556.470000
2016-05-03 11:00:00,543.760000
2016-05-03 12:00:00,576.300000
2016-05-03 13:00:00,540.750000
2016-05-03 14:00:00,549.160000
2016-05-03 15:00:00,554.580000
2016-05-03 16:00:00,525.920000
2016-05-03 17:00:00,500.170000
2016-05-03 18:00:00,460.830000
2016-05-03 19:00:00,409.660000
2016-05-03 20:00:00,375.080000
2016-05-03 21:00:00,256.850000
2016-05-03 22:00:00,193.350000
2016-05-03 23:00:00,191.610000
2016-05-04 00:00:00,191.820000
2016-05-04 01:00:00,192.180000
2016-05-04 02:00:00,192.300000
2016-05-04 03:00:00,323.520000
2016-05-04 04:00:00,310.720000
2016-05-04 05:00:00,314.370000
2016-05-04 06:00:00,325.440000
2016-05-04 07:00:00,367.550000
2016-05-04 08:00:00,404.630000
2016-05-04 09:00:00,442.400000
2016-05-04 10:00:00,473.810000
2016-05-04 11:00:00,464.520000
2016-05-04 12:00:00,437.100000
2016-05-04 13:00:00,410.490000
2016-05-04 14:00:00,420.400000
2016-05-04 15:00:00,409.490000
2016-05-04 16:00:00,405.200000
2016-05-04 17:00:00,384.490000
2016-05-04 18:00:00,337.180000
2016-05-04 19:00:00,298.040000
2016-05-04 20:00:00,283.990000
2016-05-04 21:00:00,217.490000
2016-05-04 22:00:00,201.850000
2016-05-04 23:00:00,195.700000
2016-05-05 00:00:00,194.660000
2016-05-05 01:00:00,195.000000
2016-05-05 02:00:00,198.770000
2016-05-05 03:00:00,249.430000
2016-05-05 04:00:00,250.770000
2016-05-05 05:00:00,247.410000
2016-05-05 06:00:00,256.400000
2016-05-05 07:00:00,365.340000
2016-05-05 08:00:00,413.810000
2016-05-05 09:00:00,421.420000
2016-05-05 10:00:00,457.500000
2016-05-05 11:00:00,457.230000
2016-05-05 12:00:00,442.270000
2016-05-05 13:00:00,399.450000
2016-05-05 14:00:00,404.560000
2016-05-05 15:00:00,397.210000
2016-05-05 16:00:00,373.780000
2016-05-05 17:00:00,346.060000
2016-05-05 18:00:00,309.600000
2016-05-05 19:00:00,283.780000
2016-05-05 20:00:00,290.450000
2016-05-05 21:00:00,221.030000
2016-05-05 22:00:00,202.300000
2016-05-05 23:00:00,199.080000
