timestamp,indoor_temperature_c
2016-11-11 00:00:00,17.457
2016-11-11 00:10:00,17.484
2016-11-11 00:20:00,17.480
2016-11-11 00:30:00,17.513
2016-11-11 00:40:00,17.563
2016-11-11 00:50:00,17.546
2016-11-11 01:00:00,17.560
2016-11-11 01:10:00,17.592
2016-11-11 01:20:00,17.601
2016-11-11 01:30:00,17.622
2016-11-11 01:40:00,17.637
2016-11-11 01:50:00,17.685
2016-11-11 02:00:00,17.696
2016-11-11 02:10:00,17.727
2016-11-11 02:20:00,17.757
2016-11-11 02:30:00,17.796
2016-11-11 02:40:00,17.822
2016-11-11 02:50:00,17.853
2016-11-11 03:00:00,17.890
2016-11-11 03:10:00,17.919
2016-11-11 03:20:00,17.940
2016-11-11 03:30:00,17.968
2016-11-11 03:40:00,17.979
2016-11-11 03:50:00,18.029
2016-11-11 04:00:00,18.053
2016-11-11 04:10:00,18.084
2016-11-11 04:20:00,18.107
2016-11-11 04:30:00,18.125
2016-11-11 04:40:00,18.162
2016-11-11 04:50:00,18.266
2016-11-11 05:00:00,18.309
2016-11-11 05:10:00,18.304
2016-11-11 05:20:00,18.398
2016-11-11 05:30:00,18.451
2016-11-11 05:40:00,18.449
2016-11-11 05:50:00,18.497
2016-11-11 06:00:00,18.518
2016-11-11 06:10:00,18.591
2016-11-11 06:20:00,18.645
2016-11-11 06:30:00,18.939
2016-11-11 06:40:00,
2016-11-11 06:50:00,18.683
2016-11-11 07:00:00,18.764
2016-11-11 07:10:00,18.787
2016-11-11 07:20:00,18.855
2016-11-11 07:30:00,18.855
2016-11-11 07:40:00,18.858
2016-11-11 07:50:00,18.896
2016-11-11 08:00:00,18.924
2016-11-11 08:10:00,18.975
2016-11-11 08:20:00,19.000
2016-11-11 08:30:00,19.000
2016-11-11 08:40:00,19.000
2016-11-11 08:50:00,19.061
2016-11-11 09:00:00,19.122
2016-11-11 09:10:00,19.274
2016-11-11 09:20:00,19.338
2016-11-11 09:30:00,19.357
2016-11-11 09:40:00,19.300
2016-11-11 09:50:00,19.331
2016-11-11 10:00:00,19.323
2016-11-11 10:10:00,19.370
2016-11-11 10:20:00,19.358
2016-11-11 10:30:00,19.342
2016-11-11 10:40:00,19.249
2016-11-11 10:50:00,19.274
2016-11-11 11:00:00,19.290
2016-11-11 11:10:00,19.239
2016-11-11 11:20:00,19.231
2016-11-11 11:30:00,19.190
2016-11-11 11:40:00,19.135
2016-11-11 11:50:00,19.177
2016-11-11 12:00:00,19.206
2016-11-11 12:10:00,19.316
2016-11-11 12:20:00,19.430
2016-11-11 12:30:00,19.542
2016-11-11 12:40:00,19.677
2016-11-11 12:50:00,19.759
2016-11-11 13:00:00,19.813
2016-11-11 13:10:00,19.865
2016-11-11 13:20:00,19.972
2016-11-11 13:30:00,19.988
2016-11-11 13:40:00,20.070
2016-11-11 13:50:00,20.083
2016-11-11 14:00:00,20.130
2016-11-11 14:10:00,20.159
2016-11-11 14:20:00,20.211
2016-11-11 14:30:00,20.257
2016-11-11 14:40:00,20.335
2016-11-11 14:50:00,20.421
2016-11-11 15:00:00,20.466
2016-11-11 15:10:00,20.462
2016-11-11 15:20:00,20.488
2016-11-11 15:30:00,20.536
2016-11-11 15:40:00,20.506
2016-11-11 15:50:00,20.484
2016-11-11 16:00:00,20.477
2016-11-11 16:10:00,20.475
2016-11-11 16:20:00,20.484
2016-11-11 16:30:00,20.465
2016-11-11 16:40:00,20.520
2016-11-11 16:50:00,20.497
2016-11-11 17:00:00,20.567
2016-11-11 17:10:00,20.653
2016-11-11 17:20:00,20.639
2016-11-11 17:30:00,20.595
2016-11-11 17:40:00,20.615
2016-11-11 17:50:00,20.662
2016-11-11 18:00:00,20.679
2016-11-11 18:10:00,20.737
2016-11-11 18:20:00,20.762
2016-11-11 18:30:00,20.854
2016-11-11 18:40:00,21.007
2016-11-11 18:50:00,21.136
2016-11-11 19:00:00,21.171
2016-11-11 19:10:00,21.186
2016-11-11 19:20:00,21.144
2016-11-11 19:30:00,21.190
2016-11-11 19:40:00,21.198
2016-11-11 19:50:00,21.166
2016-11-11 20:00:00,21.078
2016-11-11 20:10:00,21.088
2016-11-11 20:20:00,21.116
2016-11-11 20:30:00,21.057
2016-11-11 20:40:00,21.047
2016-11-11 20:50:00,21.023
2016-11-11 21:00:00,21.033
2016-11-11 21:10:00,21.010
2016-11-11 21:20:00,21.001
2016-11-11 21:30:00,20.979
2016-11-11 21:40:00,20.956
2016-11-11 21:50:00,20.876
2016-11-11 22:00:00,20.877
2016-11-11 22:10:00,20.856
2016-11-11 22:20:00,20.840
2016-11-11 22:30:00,20.777
2016-11-11 22:40:00,20.786
2016-11-11 22:50:00,20.727
2016-11-11 23:00:00,20.745
2016-11-11 23:10:00,20.696
2016-11-11 23:20:00,20.612
2016-11-11 23:30:00,20.582
2016-11-11 23:40:00,20.574
2016-11-11 23:50:00,20.497
2016-11-12 00:00:00,20.431
2016-11-12 00:10:00,20.366
2016-11-12 00:20:00,20.318
2016-11-12 00:30:00,20.267
2016-11-12 00:40:00,20.248
2016-11-12 00:50:00,20.222
2016-11-12 01:00:00,20.214
2016-11-12 01:10:00,20.215
2016-11-12 01:20:00,20.171
2016-11-12 01:30:00,20.165
2016-11-12 01:40:00,20.139
2016-11-12 01:50:00,20.063
2016-11-12 02:00:00,20.058
2016-11-12 02:10:00,20.040
2016-11-12 02:20:00,20.011
2016-11-12 02:30:00,20.036
2016-11-12 02:40:00,20.000
2016-11-12 02:50:00,19.974
2016-11-12 03:00:00,19.965
2016-11-12 03:10:00,19.937
2016-11-12 03:20:00,19.879
2016-11-12 03:30:00,19.914
2016-11-12 03:40:00,19.909
2016-11-12 03:50:00,19.863
2016-11-12 04:00:00,19.864
2016-11-12 04:10:00,19.848
2016-11-12 04:20:00,19.790
2016-11-12 04:30:00,19.795
2016-11-12 04:40:00,19.764
2016-11-12 04:50:00,19.777
2016-11-12 05:00:00,19.762
2016-11-12 05:10:00,19.752
2016-11-12 05:20:00,19.757
2016-11-12 05:30:00,19.733
2016-11-12 05:40:00,19.721
2016-11-12 05:50:00,19.706
2016-11-12 06:00:00,19.700
2016-11-12 06:10:00,19.710
2016-11-12 06:20:00,19.776
2016-11-12 06:30:00,19.726
2016-11-12 06:40:00,19.760
2016-11-12 06:50:00,19.788
2016-11-12 07:00:00,19.803
2016-11-12 07:10:00,19.805
2016-11-12 07:20:00,19.803
2016-11-12 07:30:00,19.805
2016-11-12 07:40:00,19.795
2016-11-12 07:50:00,19.809
2016-11-12 08:00:00,19.843
2016-11-12 08:10:00,19.833
2016-11-12 08:20:00,19.852
2016-11-12 08:30:00,19.842
2016-11-12 08:40:00,19.857
2016-11-12 08:50:00,19.862
2016-11-12 09:00:00,19.881
2016-11-12 09:10:00,19.950
2016-11-12 09:20:00,19.960
2016-11-12 09:30:00,19.987
2016-11-12 09:40:00,19.982
2016-11-12 09:50:00,19.989
2016-11-12 10:00:00,20.105
2016-11-12 10:10:00,20.099
2016-11-12 10:20:00,20.120
2016-11-12 10:30:00,20.131
2016-11-12 10:40:00,20.132
2016-11-12 10:50:00,20.161
2016-11-12 11:00:00,20.194
2016-11-12 11:10:00,20.247
2016-11-12 11:20:00,20.241
2016-11-12 11:30:00,20.275
2016-11-12 11:40:00,20.294
2016-11-12 11:50:00,20.302
2016-11-12 12:00:00,20.337
2016-11-12 12:10:00,20.378
2016-11-12 12:20:00,20.438
2016-11-12 12:30:00,20.484
2016-11-12 12:40:00,20.616
2016-11-12 12:50:00,20.798
2016-11-12 13:00:00,20.829
2016-11-12 13:10:00,20.849
2016-11-12 13:20:00,20.887
2016-11-12 13:30:00,21.058
2016-11-12 13:40:00,21.181
2016-11-12 13:50:00,21.146
2016-11-12 14:00:00,21.219
2016-11-12 14:10:00,21.273
2016-11-12 14:20:00,21.343
2016-11-12 14:30:00,21.401
2016-11-12 14:40:00,21.366
2016-11-12 14:50:00,21.412
2016-11-12 15:00:00,21.443
2016-11-12 15:10:00,21.473
2016-11-12 15:20:00,21.501
2016-11-12 15:30:00,21.536
2016-11-12 15:40:00,21.636
2016-11-12 15:50:00,21.731
2016-11-12 16:00:00,21.810
2016-11-12 16:10:00,21.758
2016-11-12 16:20:00,21.828
2016-11-12 16:30:00,21.854
2016-11-12 16:40:00,21.924
2016-11-12 16:50:00,21.963
2016-11-12 17:00:00,21.970
2016-11-12 17:10:00,21.753
2016-11-12 17:20:00,21.718
2016-11-12 17:30:00,21.465
2016-11-12 17:40:00,21.434
2016-11-12 17:50:00,21.624
2016-11-12 18:00:00,21.722
2016-11-12 18:10:00,21.808
2016-11-12 18:20:00,21.986
2016-11-12 18:30:00,22.016
2016-11-12 18:40:00,22.101
2016-11-12 18:50:00,22.193
2016-11-12 19:00:00,22.258
2016-11-12 19:10:00,22.252
2016-11-12 19:20:00,22.290
2016-11-12 19:30:00,22.275
2016-11-12 19:40:00,22.252
2016-11-12 19:50:00,22.266
2016-11-12 20:00:00,22.337
2016-11-12 20:10:00,22.308
2016-11-12 20:20:00,22.373
2016-11-12 20:30:00,22.328
2016-11-12 20:40:00,22.314
2016-11-12 20:50:00,22.296
2016-11-12 21:00:00,22.317
2016-11-12 21:10:00,22.362
2016-11-12 21:20:00,22.332
2016-11-12 21:30:00,22.228
2016-11-12 21:40:00,22.228
2016-11-12 21:50:00,22.320
2016-11-12 22:00:00,22.276
2016-11-12 22:10:00,22.291
2016-11-12 22:20:00,22.333
2016-11-12 22:30:00,22.354
2016-11-12 22:40:00,22.437
2016-11-12 22:50:00,22.482
2016-11-12 23:00:00,22.451
2016-11-12 23:10:00,22.518
2016-11-12 23:20:00,22.480
2016-11-12 23:30:00,22.474
2016-11-12 23:40:00,22.487
2016-11-12 23:50:00,22.500
2016-11-13 00:00:00,22.594
2016-11-13 00:10:00,22.626
2016-11-13 00:20:00,22.651
2016-11-13 00:30:00,22.619
2016-11-13 00:40:00,22.670
2016-11-13 00:50:00,22.640
2016-11-13 01:00:00,22.633
2016-11-13 01:10:00,22.602
2016-11-13 01:20:00,22.554
2016-11-13 01:30:00,22.518
2016-11-13 01:40:00,22.524
2016-11-13 01:50:00,22.454
2016-11-13 02:00:00,22.434
2016-11-13 02:10:00,22.413
2016-11-13 02:20:00,22.384
2016-11-13 02:30:00,22.386
2016-11-13 02:40:00,22.354
2016-11-13 02:50:00,22.359
2016-11-13 03:00:00,22.331
2016-11-13 03:10:00,22.307
2016-11-13 03:20:00,22.323
2016-11-13 03:30:00,22.272
2016-11-13 03:40:00,22.295
2016-11-13 03:50:00,22.269
2016-11-13 04:00:00,22.271
2016-11-13 04:10:00,22.255
2016-11-13 04:20:00,22.238
2016-11-13 04:30:00,22.233
2016-11-13 04:40:00,22.212
2016-11-13 04:50:00,22.188
2016-11-13 05:00:00,22.214
2016-11-13 05:10:00,22.227
2016-11-13 05:20:00,22.222
2016-11-13 05:30:00,22.222
2016-11-13 05:40:00,22.230
2016-11-13 05:50:00,22.207
2016-11-13 06:00:00,22.183
2016-11-13 06:10:00,22.176
2016-11-13 06:20:00,22.161
2016-11-13 06:30:00,22.154
2016-11-13 06:40:00,22.128
2016-11-13 06:50:00,22.143
2016-11-13 07:00:00,22.159
2016-11-13 07:10:00,22.140
2016-11-13 07:20:00,22.124
2016-11-13 07:30:00,22.166
2016-11-13 07:40:00,22.146
2016-11-13 07:50:00,22.124
2016-11-13 08:00:00,22.145
2016-11-13 08:10:00,22.112
2016-11-13 08:20:00,22.077
2016-11-13 08:30:00,22.085
2016-11-13 08:40:00,22.110
2016-11-13 08:50:00,22.115
2016-11-13 09:00:00,22.110
2016-11-13 09:10:00,22.130
2016-11-13 09:20:00,22.145
2016-11-13 09:30:00,22.152
2016-11-13 09:40:00,22.167
2016-11-13 09:50:00,22.198
2016-11-13 10:00:00,22.238
2016-11-13 10:10:00,22.337
2016-11-13 10:20:00,22.365
2016-11-13 10:30:00,22.406
2016-11-13 10:40:00,22.410
2016-11-13 10:50:00,22.425
2016-11-13 11:00:00,22.461
2016-11-13 11:10:00,22.465
2016-11-13 11:20:00,22.398
2016-11-13 11:30:00,22.423
2016-11-13 11:40:00,22.513
2016-11-13 11:50:00,22.576
2016-11-13 12:00:00,22.636
2016-11-13 12:10:00,22.642
2016-11-13 12:20:00,22.673
2016-11-13 12:30:00,22.770
2016-11-13 12:40:00,22.870
2016-11-13 12:50:00,22.887
2016-11-13 13:00:00,22.869
2016-11-13 13:10:00,22.870
2016-11-13 13:20:00,22.851
2016-11-13 13:30:00,22.887
2016-11-13 13:40:00,22.902
2016-11-13 13:50:00,22.915
2016-11-13 14:00:00,22.973
2016-11-13 14:10:00,22.994
2016-11-13 14:20:00,23.074
2016-11-13 14:30:00,23.144
2016-11-13 14:40:00,23.176
2016-11-13 14:50:00,23.129
2016-11-13 15:00:00,23.142
2016-11-13 15:10:00,23.079
2016-11-13 15:20:00,23.013
2016-11-13 15:30:00,22.869
2016-11-13 15:40:00,22.831
2016-11-13 15:50:00,22.772
2016-11-13 16:00:00,22.643
2016-11-13 16:10:00,22.636
2016-11-13 16:20:00,22.650
2016-11-13 16:30:00,22.683
2016-11-13 16:40:00,22.702
2016-11-13 16:50:00,22.643
2016-11-13 17:00:00,22.616
2016-11-13 17:10:00,22.618
2016-11-13 17:20:00,22.608
2016-11-13 17:30:00,22.580
2016-11-13 17:40:00,22.590
2016-11-13 17:50:00,22.592
2016-11-13 18:00:00,22.580
2016-11-13 18:10:00,22.567
2016-11-13 18:20:00,22.602
2016-11-13 18:30:00,22.634
2016-11-13 18:40:00,22.645
2016-11-13 18:50:00,22.650
2016-11-13 19:00:00,22.666
2016-11-13 19:10:00,22.672
2016-11-13 19:20:00,22.739
2016-11-13 19:30:00,22.772
2016-11-13 19:40:00,22.838
2016-11-13 19:50:00,22.877
2016-11-13 20:00:00,22.942
2016-11-13 20:10:00,22.952
2016-11-13 20:20:00,23.074
2016-11-13 20:30:00,23.189
2016-11-13 20:40:00,23.259
2016-11-13 20:50:00,23.270
2016-11-13 21:00:00,23.316
2016-11-13 21:10:00,23.367
2016-11-13 21:20:00,23.367
2016-11-13 21:30:00,23.349
2016-11-13 21:40:00,23.312
2016-11-13 21:50:00,23.308
2016-11-13 22:00:00,23.313
2016-11-13 22:10:00,23.321
2016-11-13 22:20:00,23.317
2016-11-13 22:30:00,23.294
2016-11-13 22:40:00,23.290
2016-11-13 22:50:00,23.285
2016-11-13 23:00:00,23.264
2016-11-13 23:10:00,23.253
2016-11-13 23:20:00,23.237
2016-11-13 23:30:00,23.279
2016-11-13 23:40:00,23.292
2016-11-13 23:50:00,23.281
2016-11-14 00:00:00,23.219
2016-11-14 00:10:00,23.229
2016-11-14 00:20:00,23.178
2016-11-14 00:30:00,23.158
2016-11-14 00:40:00,23.129
2016-11-14 00:50:00,23.114
2016-11-14 01:00:00,23.098
2016-11-14 01:10:00,23.088
2016-11-14 01:20:00,23.078
2016-11-14 01:30:00,23.059
2016-11-14 01:40:00,23.024
2016-11-14 01:50:00,23.035
2016-11-14 02:00:00,23.030
2016-11-14 02:10:00,23.010
2016-11-14 02:20:00,23.005
2016-11-14 02:30:00,22.984
2016-11-14 02:40:00,22.979
2016-11-14 02:50:00,22.974
2016-11-14 03:00:00,22.957
2016-11-14 03:10:00,22.962
2016-11-14 03:20:00,22.957
2016-11-14 03:30:00,22.962
2016-11-14 03:40:00,22.967
2016-11-14 03:50:00,22.972
2016-11-14 04:00:00,22.990
2016-11-14 04:10:00,22.973
2016-11-14 04:20:00,22.973
2016-11-14 04:30:00,22.966
2016-11-14 04:40:00,22.951
2016-11-14 04:50:00,22.936
2016-11-14 05:00:00,22.929
2016-11-14 05:10:00,22.934
2016-11-14 05:20:00,22.946
2016-11-14 05:30:00,22.959
2016-11-14 05:40:00,22.931
2016-11-14 05:50:00,22.954
2016-11-14 06:00:00,22.954
2016-11-14 06:10:00,22.954
2016-11-14 06:20:00,22.981
2016-11-14 06:30:00,22.976
2016-11-14 06:40:00,22.976
2016-11-14 06:50:00,23.006
2016-11-14 07:00:00,22.962
2016-11-14 07:10:00,22.976
2016-11-14 07:20:00,23.026
2016-11-14 07:30:00,23.037
2016-11-14 07:40:00,23.045
2016-11-14 07:50:00,23.036
2016-11-14 08:00:00,23.016
2016-11-14 08:10:00,23.017
2016-11-14 08:20:00,22.997
2016-11-14 08:30:00,23.035
2016-11-14 08:40:00,23.006
2016-11-14 08:50:00,23.010
2016-11-14 09:00:00,23.012
2016-11-14 09:10:00,23.062
2016-11-14 09:20:00,23.105
2016-11-14 09:30:00,23.208
2016-11-14 09:40:00,23.187
2016-11-14 09:50:00,23.187
2016-11-14 10:00:00,23.185
2016-11-14 10:10:00,23.131
2016-11-14 10:20:00,23.124
2016-11-14 10:30:00,23.122
2016-11-14 10:40:00,23.135
2016-11-14 10:50:00,23.103
2016-11-14 11:00:00,23.123
2016-11-14 11:10:00,23.146
2016-11-14 11:20:00,23.142
2016-11-14 11:30:00,23.155
2016-11-14 11:40:00,23.169
2016-11-14 11:50:00,23.160
2016-11-14 12:00:00,23.194
2016-11-14 12:10:00,23.152
2016-11-14 12:20:00,23.203
2016-11-14 12:30:00,23.203
2016-11-14 12:40:00,23.198
2016-11-14 12:50:00,23.207
2016-11-14 13:00:00,23.236
2016-11-14 13:10:00,23.228
2016-11-14 13:20:00,23.218
2016-11-14 13:30:00,23.281
2016-11-14 13:40:00,23.372
2016-11-14 13:50:00,23.496
2016-11-14 14:00:00,23.676
2016-11-14 14:10:00,23.693
2016-11-14 14:20:00,23.680
2016-11-14 14:30:00,23.690
2016-11-14 14:40:00,23.725
2016-11-14 14:50:00,23.729
2016-11-14 15:00:00,23.697
2016-11-14 15:10:00,23.660
2016-11-14 15:20:00,23.686
2016-11-14 15:30:00,23.669
2016-11-14 15:40:00,23.675
2016-11-14 15:50:00,23.730
2016-11-14 16:00:00,23.710
2016-11-14 16:10:00,23.716
2016-11-14 16:20:00,23.729
2016-11-14 16:30:00,23.734
2016-11-14 16:40:00,23.724
2016-11-14 16:50:00,23.689
2016-11-14 17:00:00,23.674
2016-11-14 17:10:00,23.724
2016-11-14 17:20:00,23.722
2016-11-14 17:30:00,23.741
2016-11-14 17:40:00,23.706
2016-11-14 17:50:00,23.635
2016-11-14 18:00:00,23.684
2016-11-14 18:10:00,23.784
2016-11-14 18:20:00,23.836
2016-11-14 18:30:00,23.940
2016-11-14 18:40:00,23.993
2016-11-14 18:50:00,24.020
2016-11-14 19:00:00,24.039
2016-11-14 19:10:00,24.057
2016-11-14 19:20:00,24.018
2016-11-14 19:30:00,23.995
2016-11-14 19:40:00,24.006
2016-11-14 19:50:00,23.956
2016-11-14 20:00:00,23.914
2016-11-14 20:10:00,23.902
2016-11-14 20:20:00,23.869
2016-11-14 20:30:00,23.841
2016-11-14 20:40:00,23.827
2016-11-14 20:50:00,23.799
2016-11-14 21:00:00,23.725
2016-11-14 21:10:00,23.641
2016-11-14 21:20:00,23.655
2016-11-14 21:30:00,23.626
2016-11-14 21:40:00,23.553
2016-11-14 21:50:00,23.552
2016-11-14 22:00:00,23.516
2016-11-14 22:10:00,23.487
2016-11-14 22:20:00,23.472
2016-11-14 22:30:00,23.434
2016-11-14 22:40:00,23.407
2016-11-14 22:50:00,23.392
2016-11-14 23:00:00,23.344
2016-11-14 23:10:00,23.310
2016-11-14 23:20:00,23.325
2016-11-14 23:30:00,23.274
2016-11-14 23:40:00,23.253
2016-11-14 23:50:00,23.217
2016-11-15 00:00:00,23.196
2016-11-15 00:10:00,23.174
2016-11-15 00:20:00,23.175
2016-11-15 00:30:00,23.099
2016-11-15 00:40:00,23.117
2016-11-15 00:50:00,23.061
2016-11-15 01:00:00,23.027
2016-11-15 01:10:00,22.990
2016-11-15 01:20:00,22.941
2016-11-15 01:30:00,22.926
2016-11-15 01:40:00,22.892
2016-11-15 01:50:00,22.868
2016-11-15 02:00:00,22.854
2016-11-15 02:10:00,22.855
2016-11-15 02:20:00,22.830
2016-11-15 02:30:00,22.811
2016-11-15 02:40:00,22.772
2016-11-15 02:50:00,22.755
2016-11-15 03:00:00,22.769
2016-11-15 03:10:00,22.759
2016-11-15 03:20:00,22.722
2016-11-15 03:30:00,22.697
2016-11-15 03:40:00,22.671
2016-11-15 03:50:00,22.652
2016-11-15 04:00:00,22.655
2016-11-15 04:10:00,22.642
2016-11-15 04:20:00,22.670
2016-11-15 04:30:00,22.993
2016-11-15 04:40:00,22.592
2016-11-15 04:50:00,22.568
2016-11-15 05:00:00,22.568
2016-11-15 05:10:00,22.551
2016-11-15 05:20:00,22.546
2016-11-15 05:30:00,22.518
2016-11-15 05:40:00,22.506
2016-11-15 05:50:00,22.513
2016-11-15 06:00:00,22.523
2016-11-15 06:10:00,22.503
2016-11-15 06:20:00,22.504
2016-11-15 06:30:00,22.516
2016-11-15 06:40:00,22.564
2016-11-15 06:50:00,22.561
2016-11-15 07:00:00,22.549
2016-11-15 07:10:00,22.506
2016-11-15 07:20:00,22.519
2016-11-15 07:30:00,22.526
2016-11-15 07:40:00,22.536
2016-11-15 07:50:00,22.573
2016-11-15 08:00:00,22.571
2016-11-15 08:10:00,22.528
2016-11-15 08:20:00,22.526
2016-11-15 08:30:00,22.517
2016-11-15 08:40:00,22.625
2016-11-15 08:50:00,22.685
2016-11-15 09:00:00,22.658
2016-11-15 09:10:00,22.694
2016-11-15 09:20:00,22.652
2016-11-15 09:30:00,22.620
2016-11-15 09:40:00,22.591
2016-11-15 09:50:00,22.609
2016-11-15 10:00:00,22.623
2016-11-15 10:10:00,22.627
2016-11-15 10:20:00,22.679
2016-11-15 10:30:00,22.700
2016-11-15 10:40:00,22.707
2016-11-15 10:50:00,22.722
2016-11-15 11:00:00,22.705
2016-11-15 11:10:00,22.677
2016-11-15 11:20:00,22.688
2016-11-15 11:30:00,22.668
2016-11-15 11:40:00,22.641
2016-11-15 11:50:00,22.630
2016-11-15 12:00:00,22.617
2016-11-15 12:10:00,22.622
2016-11-15 12:20:00,22.617
2016-11-15 12:30:00,22.655
2016-11-15 12:40:00,22.665
2016-11-15 12:50:00,22.679
2016-11-15 13:00:00,22.677
2016-11-15 13:10:00,22.696
2016-11-15 13:20:00,22.732
2016-11-15 13:30:00,22.791
2016-11-15 13:40:00,22.858
2016-11-15 13:50:00,22.886
2016-11-15 14:00:00,22.885
2016-11-15 14:10:00,22.875
2016-11-15 14:20:00,22.889
2016-11-15 14:30:00,22.851
2016-11-15 14:40:00,22.813
2016-11-15 14:50:00,22.790
2016-11-15 15:00:00,22.830
2016-11-15 15:10:00,22.790
2016-11-15 15:20:00,22.791
2016-11-15 15:30:00,22.746
2016-11-15 15:40:00,22.716
2016-11-15 15:50:00,22.733
2016-11-15 16:00:00,22.715
2016-11-15 16:10:00,22.678
2016-11-15 16:20:00,22.665
2016-11-15 16:30:00,22.671
2016-11-15 16:40:00,22.673
2016-11-15 16:50:00,22.660
2016-11-15 17:00:00,22.638
2016-11-15 17:10:00,22.571
2016-11-15 17:20:00,22.583
2016-11-15 17:30:00,22.652
2016-11-15 17:40:00,22.636
2016-11-15 17:50:00,22.680
2016-11-15 18:00:00,22.710
2016-11-15 18:10:00,22.850
2016-11-15 18:20:00,22.875
2016-11-15 18:30:00,22.940
2016-11-15 18:40:00,22.965
2016-11-15 18:50:00,22.914
2016-11-15 19:00:00,22.943
2016-11-15 19:10:00,22.940
2016-11-15 19:20:00,22.944
2016-11-15 19:30:00,22.939
2016-11-15 19:40:00,22.925
2016-11-15 19:50:00,22.901
2016-11-15 20:00:00,22.964
2016-11-15 20:10:00,23.040
2016-11-15 20:20:00,23.076
2016-11-15 20:30:00,23.156
2016-11-15 20:40:00,23.206
2016-11-15 20:50:00,23.012
2016-11-15 21:00:00,22.990
2016-11-15 21:10:00,22.985
2016-11-15 21:20:00,23.031
2016-11-15 21:30:00,23.081
2016-11-15 21:40:00,23.099
2016-11-15 21:50:00,23.128
2016-11-15 22:00:00,23.116
2016-11-15 22:10:00,23.128
2016-11-15 22:20:00,23.119
2016-11-15 22:30:00,23.124
2016-11-15 22:40:00,23.127
2016-11-15 22:50:00,23.122
2016-11-15 23:00:00,23.118
2016-11-15 23:10:00,23.134
2016-11-15 23:20:00,23.132
2016-11-15 23:30:00,23.147
2016-11-15 23:40:00,23.138
2016-11-15 23:50:00,23.158
